Event,Particle,Px,Py,Pz,Energy,Mass,PID
37,Higgs,-10.764248689254833,-35.243641771552035,-20.08295688147534,131.85715184345827,125.0,25
37,Z Boson,-8.881784197001252e-16,2.7755575615628914e-16,0.0,89.88920303845052,89.88920593261719,23
37,Muon+,31.207981192520307,-29.47538589071338,-13.314266799367328,44.944602277913575,0.1056599989533424,-13
37,Muon-,-31.207982507093003,29.47538280173343,13.314265172361608,44.944605557618665,0.1056599989533424,13
37,Photon,-10.764248360756032,-35.24364069600145,-20.08295626859214,41.96794478104684,0.0,22
94,Higgs,35.04441803248056,11.705406649306262,10.041717931091519,130.73241326873944,125.0,25
94,Z Boson,3.552713678800501e-15,1.8318679906315083e-15,8.881784197001252e-16,92.44450389610014,92.44450378417967,23
94,Electron+,-37.21703102279447,-7.2187619433554655,26.44387789673807,46.22225473474988,0.0005109999910928,-11
94,Electron-,37.217032103633535,7.2187627812104775,-26.4438771101945,46.2222532339456,0.0005109999910928,11
94,Photon,35.044417497745165,11.705406470695928,10.041717777867051,38.28790737782098,0.0,22
110,Higgs,-7.892457282044513,-35.96510866787399,-22.41335413232751,132.22381921160047,125.0,25
110,Z Boson,0.0,2.7755575615628914e-15,0.0,89.11769201767683,89.11769104003906,23
110,Muon+,-40.39469198795708,8.875585198493976,16.5822893408018,44.55884566523047,0.1056599989533424,-13
110,Muon-,40.39469318751006,-8.875583124376158,-16.582289596218892,44.55884215368927,0.1056599989533424,13
110,Photon,-7.892457522903195,-35.965109765442016,-22.413354816328805,43.10613122907438,0.0,22
171,Higgs,-34.589205927785414,-18.993331809609394,7.334299902110636,131.28576379409446,125.0,25
171,Z Boson,3.552713678800501e-15,3.3306690738754696e-16,-8.881784197001252e-16,91.14910171086001,91.14910125732422,23
171,Muon+,21.821755750785094,33.47079350974217,21.92134761680919,45.5745489035465,0.1056599989533424,-13
171,Muon-,-21.821755672491566,-33.47079198940242,-21.921346881953475,45.57454897573331,0.1056599989533424,13
171,Photon,-34.58920645557482,-18.99333209942464,7.334300014023162,40.13666408649623,0.0,22
210,Higgs,11.228071681501422,32.70886126062751,19.642394394501963,131.17455109967435,125.0,25
210,Z Boson,0.0,2.7755575615628914e-15,3.552713678800501e-15,91.40317108077893,91.40316772460938,23
210,Electron+,29.2156163245541,32.88241755626576,-12.402787827764238,45.701583972758314,0.0005109999910928,-11
210,Electron-,-29.2156147775093,-32.8824205132272,12.402786720611378,45.70158270219038,0.0005109999910928,11
210,Photon,11.228072024154976,32.708862258822734,19.642394993940254,39.77138402202503,0.0,22
295,Higgs,37.187169692184064,-20.57361090559667,-5.822755988508531,132.15545218685415,125.0,25
295,Z Boson,3.552713678800501e-15,-2.4424906541753444e-15,0.0,89.25949007636667,89.25949096679688,23
295,Electron+,-24.986651766599877,-2.687516205884032,-36.881685411369766,44.62974378105549,0.0005109999910928,-11
295,Electron-,24.986650768685465,2.6875162303596416,36.881685895134034,44.62974598938352,0.0005109999910928,11
295,Photon,37.18716969218407,-20.57361090559667,-5.822755988508541,42.8959621104875,0.0,22
301,Higgs,-34.606561459998844,-11.40315459113368,1.0573663641354187,130.2066206240757,125.0,25
301,Z Boson,7.105427357601002e-15,6.661338147750939e-16,-1.1102230246251565e-16,93.75440459532058,93.75440216064452,23
301,Muon+,-6.875010030504389,-11.31641585221326,-44.96814397991984,46.877201716520226,0.1056599989533424,-13
301,Muon-,6.875011022374286,11.316415864799025,44.96814189259025,46.87720259712653,0.1056599989533424,13
301,Photon,-34.60656145999886,-11.40315459113368,1.057366364135409,36.45221602875514,0.0,22
309,Higgs,1.3087835350145114,45.15932213506678,-5.746678722807786,133.03797054368889,125.0,25
309,Z Boson,0.0,9.298117831235686e-16,8.881784197001252e-16,87.49566300546867,87.49566650390625,23
309,Electron+,14.532743009154574,37.00584623776792,-18.254854628460624,43.747834567917764,0.0005109999910928,-11
309,Electron-,-14.53274326342412,-37.00584282070704,18.254853005833084,43.74783324926928,0.0005109999910928,11
309,Photon,1.3087834950736075,45.15932075691364,-5.7466785474330795,45.54230347822354,0.0,22
311,Higgs,-26.053684357158986,29.260943832193202,17.51540148796952,132.1619710499885,125.0,25
311,Z Boson,-3.552713678800501e-15,2.886579864025407e-15,0.0,89.24593032772992,89.24592590332031,23
311,Muon+,-36.64391985401731,24.962845811375367,-5.027653732416291,44.6229661595223,0.1056599989533424,-13
311,Muon-,36.64391790639219,-24.962845766140774,5.027653759493418,44.6229645657553,0.1056599989533424,13
311,Photon,-26.053684357158986,29.2609438321932,17.515401487969505,42.91604072225857,0.0,22
420,Higgs,0.4072786545545778,10.84030471605363,-12.83390023472364,126.12449039530027,125.0,25
420,Z Boson,0.0,-2.310651670001107e-15,0.0,109.32011536231057,109.3201141357422,23
420,Muon+,-30.767423945120058,29.73649614790923,34.0120146598677,54.66005850568191,0.1056599989533424,-13
420,Muon-,30.767424213610646,-29.736494233382615,-34.01201466836576,54.66005702291249,0.1056599989533424,13
420,Photon,0.4072786607691569,10.840304881463554,-12.833900430553427,16.804376957496704,0.0,22
544,Higgs,14.493805066158478,25.947884176233643,-33.80498011255056,132.85759202593195,125.0,25
544,Z Boson,-1.7763568394002505e-15,-9.992007221626409e-16,-7.105427357601002e-15,87.84493106193925,87.84492492675781,23
544,Electron+,14.260145298177719,41.435909010445584,-2.9826766088478083,43.92246318775842,0.0005109999910928,-11
544,Electron-,-14.26014576999681,-41.43591176247973,2.9826781861437333,43.922463294799826,0.0005109999910928,11
544,Photon,14.493805287316393,25.947884572166934,-33.80498062837361,45.01266299123866,0.0,22
548,Higgs,15.934059546379828,-33.16813248213571,14.026968407299403,131.05638141151104,125.0,25
548,Z Boson,0.0,1.7763568394002505e-15,-1.7763568394002505e-15,91.67650140779676,91.67649841308594,23
548,Muon+,33.630902140858325,8.942430831521245,29.835033247879117,45.83824619613261,0.1056599989533424,-13
548,Muon-,-33.63090360926448,-8.942428091132037,-29.835032747330217,45.838250754748515,0.1056599989533424,13
548,Photon,15.934060032648734,-33.16813349434679,14.0269688353685,39.37988400323763,0.0,22
625,Higgs,-12.4436768653457,21.369954274043064,31.920627497967345,131.3599881983392,125.0,25
625,Z Boson,0.0,3.552713678800501e-15,-3.552713678800501e-15,90.98119861959623,90.981201171875,23
625,Electron+,-2.8191044591446053,-11.246719803181568,-43.98816607017085,45.490599027125846,0.0005109999910928,-11
625,Electron-,2.819104722357564,11.246719760601334,43.98816409921946,45.490599081665835,0.0005109999910928,11
625,Photon,-12.443676675470261,21.369953947963435,31.92062701089722,40.37878757434864,0.0,22
676,Higgs,12.11632844017904,35.44699587324482,-3.119823489282136,130.52979824512255,125.0,25
676,Z Boson,0.0,4.413136522884997e-15,-4.440892098500626e-16,92.93953056639641,92.93952941894533,23
676,Electron+,-31.457654971339363,8.811413668453802,-33.04866298568056,46.46976286751224,0.0005109999910928,-11
676,Electron-,31.457653646060255,-8.811414755604359,33.04866093559757,46.46976367654592,0.0005109999910928,11
676,Photon,12.11632844017904,35.44699587324482,-3.119823489282146,37.59026767872617,0.0,22
691,Higgs,8.378532251059466,39.34632488138665,-10.728832412584914,131.75143615646473,125.0,25
691,Z Boson,0.0,5.551115123125783e-17,8.881784197001252e-16,90.11682507728683,90.1168212890625,23
691,Electron+,19.51082797816532,-28.326889192923197,29.106274675651115,45.0584135603025,0.0005109999910928,-11
691,Electron-,-19.510826998806262,28.32689122088962,-29.10627613905227,45.05841230406648,0.0005109999910928,11
691,Photon,8.378532378905723,39.34632548176393,-10.728832576293916,41.63461308954527,0.0,22
709,Higgs,-33.149569831687565,-13.612311210433091,19.63105220196591,131.5088103781337,125.0,25
709,Z Boson,-3.552713678800501e-15,-1.3322676295501878e-15,0.0,90.64847385983236,90.64847564697266,23
709,Electron+,-30.05196257387935,-32.37617256689631,10.14639443683598,45.324234590011805,0.0005109999910928,-11
709,Electron-,30.05196355274683,32.37617201517741,-10.146394062843353,45.32423551011691,0.0005109999910928,11
709,Photon,-33.14957033750986,-13.612311418140473,19.631052501511984,40.86033852496652,0.0,22
762,Higgs,-29.60921658154421,6.669046192149146,-27.549425076073838,131.54905056939035,125.0,25
762,Z Boson,7.105427357601002e-15,-3.608224830031759e-16,0.0,90.55938457117098,90.55938720703124,23
762,Muon+,-40.28973672184375,14.693926315646612,-14.528079922329578,45.27969324900816,0.1056599989533424,-13
762,Muon-,40.28973475315828,-14.693926778668535,14.528079388422514,45.279691853615944,0.1056599989533424,13
762,Photon,-29.609216581544214,6.669046192149146,-27.549425076073845,40.98966599821935,0.0,22
816,Higgs,6.0169684624963375,28.34922459741162,25.301450907065664,130.78626022161433,125.0,25
816,Z Boson,0.0,-9.43689570931383e-16,3.552713678800501e-15,92.31489367665816,92.3148956298828,23
816,Muon+,-24.30378394007491,12.039899076134716,37.34790391583802,46.1574510740069,0.1056599989533424,-13
816,Muon-,24.303785078452396,-12.039898205897222,-37.34790313915816,46.15744663983701,0.1056599989533424,13
816,Photon,6.016968278873032,28.34922373226194,25.301450134926647,38.47136255367624,0.0,22
847,Higgs,-3.016999704281154,1.501355581516165,-40.32674162332235,131.38722329721404,125.0,25
847,Z Boson,4.440892098500626e-16,1.5265566588595902e-16,7.105427357601002e-15,90.91992055584554,90.919921875,23
847,Electron+,-30.9470948854813,-19.383058253305492,-27.077345181887605,45.45996432521234,0.0005109999910928,-11
847,Electron-,30.947094547783685,19.38305758745418,27.07734194752519,45.45996085275395,0.0005109999910928,11
847,Photon,-3.0169996122096303,1.5013555356984287,-40.32674039264788,40.467298731748635,0.0,22
862,Higgs,36.872074526781724,-15.502933375452663,-7.204110056124192,131.44120368002197,125.0,25
862,Z Boson,3.552713678800501e-15,1.1102230246251565e-16,8.881784197001252e-16,90.79898338283547,90.79898071289062,23
862,Muon+,3.292799593245805,-30.431662292192442,33.52870360673953,45.39949215056305,0.1056599989533424,-13
862,Muon-,-3.2927995983980747,30.43166324803304,-33.528705036244354,45.39949119643893,0.1056599989533424,13
862,Photon,36.872074526781724,-15.502933375452665,-7.204110056124202,40.6422202971865,0.0,22
946,Higgs,37.266065853576904,-9.348652499986283,-17.683884476842486,131.96164873916567,125.0,25
946,Z Boson,3.552713678800501e-15,-5.551115123125783e-16,-3.552713678800501e-15,89.66653180043258,89.66653442382812,23
946,Electron+,37.62464780676343,-17.28782329447453,17.19124648310951,44.83326735614335,0.0005109999910928,-11
946,Electron-,-37.62464864896482,17.28782207359489,-17.191246988554347,44.833267974128674,0.0005109999910928,11
946,Photon,37.26606471630683,-9.348652214688048,-17.683883937173167,42.29511291158316,0.0,22
956,Higgs,-36.16411144954964,-8.386135906654072,18.151081807649483,131.65345420143103,125.0,25
956,Z Boson,-3.552713678800501e-15,3.885780586188048e-16,-1.7763568394002505e-15,90.32995095472313,90.32994842529295,23
956,Muon+,-38.765836285303024,-4.943426946359579,22.641475855060122,45.16497714331864,0.1056599989533424,-13
956,Muon-,38.76583627029772,4.9434274197171435,-22.64147489385452,45.16497391789569,0.1056599989533424,13
956,Photon,-36.16411144954964,-8.386135906654072,18.15108180764947,41.3235032467079,0.0,22
1115,Higgs,6.967445623840651,-36.7162156703292,-15.858158540615813,131.4271927112902,125.0,25
1115,Z Boson,0.0,1.1102230246251565e-15,0.0,90.83030865211926,90.83030700683594,23
1115,Muon+,-19.349237589924208,40.8845205350991,-4.072846774435909,45.41515600417698,0.1056599989533424,-13
1115,Muon-,19.349238278469407,-40.88452165073294,4.072846769417894,45.415156624866526,0.1056599989533424,13
1115,Photon,6.967445623840652,-36.7162156703292,-15.858158540615824,40.59688405917093,0.0,22
1117,Higgs,-38.37762493999317,12.017665533796427,-15.63365816502786,132.23720221079213,125.0,25
1117,Z Boson,3.552713678800501e-15,5.551115123125783e-17,1.7763568394002505e-15,89.09003749706773,89.09004211425781,23
1117,Muon+,-37.560869693021985,-9.99382299081483,-21.761257294155982,44.54501956576531,0.1056599989533424,-13
1117,Muon-,37.560869686182485,9.993823469793728,21.761257291369816,44.54501797714617,0.1056599989533424,13
1117,Photon,-38.377623768801,12.017665167046381,-15.63365768792649,43.14716067816526,0.0,22
1180,Higgs,35.96152057789541,6.807948709685861,-17.448403653686256,131.41166583667555,125.0,25
1180,Z Boson,-3.552713678800501e-15,-6.661338147750939e-16,3.552713678800501e-15,90.86507634279951,90.86507415771484,23
1180,Muon+,1.378182710190357,-15.3659924598009,42.732788071984764,45.43253787781053,0.1056599989533424,-13
1180,Muon-,-1.3781837137295447,15.365993404035196,-42.73278709411619,45.432538109444124,0.1056599989533424,13
1180,Photon,35.96152057789542,6.807948709685862,-17.44840365368627,40.54658949387603,0.0,22
1208,Higgs,-25.31270535921837,15.833200944393964,24.037227326600032,130.7448339411497,125.0,25
1208,Z Boson,0.0,-3.3306690738754696e-16,3.552713678800501e-15,92.41453947612442,92.41453552246094,23
1208,Electron+,-22.701884980132967,7.818063213345866,-39.47928431449358,46.20726797791201,0.0005109999910928,-11
1208,Electron-,22.70188572229103,-7.818064154405933,39.47928551708064,46.20726781457684,0.0005109999910928,11
1208,Photon,-25.3127057454596,15.833201185989436,24.037227693379,38.3302964600331,0.0,22
1257,Higgs,7.968288786191071,-11.166044974203396,-57.52237415174186,138.2823116475822,125.0,25
1257,Z Boson,-8.881784197001252e-16,1.1102230246251565e-15,0.0,79.14689329151133,79.14688873291016,23
1257,Electron+,37.65258163437951,-11.042699775351663,5.1380439217579195,39.57344566959753,0.0005109999910928,-11
1257,Electron-,-37.652581634379516,11.042699775351664,-5.138043921757916,39.573447621913786,0.0005109999910928,11
1257,Photon,7.9682887861910725,-11.166044974203398,-57.52237415174186,59.13541835607086,0.0,22
1286,Higgs,35.48317825604382,18.838624625897236,-4.475539736093119,131.37343785132137,125.0,25
1286,Z Boson,7.105427357601002e-15,1.9984014443252818e-15,-4.440892098500626e-16,90.9509194624076,90.95092010498048,23
1286,Electron+,-4.713851995697809,32.96367096430882,-30.97084555080738,45.47545597998321,0.0005109999910928,-11
1286,Electron-,4.713850884674347,-32.96367250784444,30.970847359872277,45.47545926974304,0.0005109999910928,11
1286,Photon,35.483178797474146,18.838624913351833,-4.475539804384445,40.422520393513324,0.0,22
1350,Higgs,4.630253050927975,-38.80162322457943,-9.151963081791225,131.2850472690181,125.0,25
1350,Z Boson,-4.440892098500626e-16,6.675215935558754e-15,-8.881784197001252e-16,91.15072512602067,91.15072631835938,23
1350,Electron+,32.63319111735216,6.515342247383716,-31.140630449371717,45.5753630642705,0.0005109999910928,-11
1350,Electron-,-32.6331931304919,-6.515342405130625,31.140631617737302,45.575365587999485,0.0005109999910928,11
1350,Photon,4.630252980275921,-38.80162263251365,-9.151962942143362,40.134320139746585,0.0,22
1383,Higgs,-1.390873941325278,5.289090509833285,-42.63558547236016,132.18434913904443,125.0,25
1383,Z Boson,2.220446049250313e-16,-7.494005416219807e-16,0.0,89.19944462031582,89.1994400024414,23
1383,Electron+,-42.02473023350764,-14.87658317931511,1.320728892922581,44.599721062903264,0.0005109999910928,-11
1383,Electron-,42.02473200448334,14.876583494761425,-1.320727591944074,44.59971952440923,0.0005109999910928,11
1383,Photon,-1.3908739625483304,5.289090590538402,-42.63558612292758,42.98490653570172,0.0,22
1399,Higgs,33.90134193954857,-1.9946289705303424,-20.7950597251741,131.18961101781585,125.0,25
1399,Z Boson,0.0,2.220446049250313e-16,0.0,91.36858754231332,91.36858367919922,23
1399,Muon+,-22.17322709292686,3.596600004261394,39.780092657861545,45.684293068677334,0.1056599989533424,-13
1399,Muon-,22.173227108972604,-3.5965998298855233,-39.78009494374378,45.684291202752405,0.1056599989533424,13
1399,Photon,33.901342456842,-1.9946290009659655,-20.79506004248154,39.82102547729714,0.0,22
1419,Higgs,-15.983448524081325,15.629239649137109,-31.085344042821465,130.73271347674495,125.0,25
1419,Z Boson,0.0,-1.1102230246251565e-16,7.105427357601002e-15,92.44378097235919,92.44377899169922,23
1419,Muon+,-24.803323861543873,-38.90811350279623,2.7213550087061176,46.221888587338,0.1056599989533424,-13
1419,Muon-,24.80332533289136,38.90811204292089,-2.7213530482372548,46.2218879170274,0.1056599989533424,13
1419,Photon,-15.983448524081323,15.629239649137105,-31.08534404282148,38.288932504385734,0.0,22
1469,Higgs,-24.025556800367948,30.080982544562307,-12.513152824551696,131.3912930297307,125.0,25
1469,Z Boson,3.552713678800501e-15,-2.6645352591003757e-15,1.7763568394002505e-15,90.91078243063953,90.91078186035156,23
1469,Electron+,-37.22481356043341,-20.99118494606574,15.487929190244476,45.45539192737696,0.0005109999910928,-11
1469,Electron-,37.22481160978589,20.991185000277717,-15.48793016647001,45.45539096533125,0.0005109999910928,11
1469,Photon,-24.02555716696886,30.08098300356168,-12.513153015487267,40.48051260396319,0.0,22
1532,Higgs,-9.052532752141385,0.9217050881834877,-39.08357151011461,131.28337081094625,125.0,25
1532,Z Boson,8.881784197001252e-16,-6.245004513516506e-17,-3.552713678800501e-15,91.15453328403014,91.15453338623048,23
1532,Electron+,16.052590753926545,16.928258589889026,-39.154002618852545,45.57726912561445,0.0005109999910928,-11
1532,Electron-,-16.05259055180498,-16.928259813615746,39.15400143279041,45.57726812110399,0.0005109999910928,11
1532,Photon,-9.05253247588001,0.9217050600552807,-39.083570317378665,40.12883352046559,0.0,22
1575,Higgs,-2.0047678339061283,-40.268705034444224,-7.755325510406453,131.57025793465368,125.0,25
1575,Z Boson,-2.220446049250313e-16,1.1171619185290638e-15,8.881784197001252e-16,90.51258295330477,90.51258087158205,23
1575,Muon+,10.110861844777263,-12.571170481612775,42.283055540570764,45.25628945625617,0.1056599989533424,-13
1575,Muon-,-10.110862020938118,12.571172447406319,-42.283056730241924,45.25628934400005,0.1056599989533424,13
1575,Photon,-2.0047678644964577,-40.2687056488959,-7.755325628743339,41.05767698895171,0.0,22
1799,Higgs,33.84236813947038,18.9195622332257,-7.911737072222578,131.11388675454754,125.0,25
1799,Z Boson,0.0,-1.1102230246251565e-16,0.0,91.54304496141037,91.54304504394533,23
1799,Muon+,-20.315374373476494,40.98713620163839,-1.5366981438744538,45.77152264564137,0.1056599989533424,-13
1799,Muon-,20.315374873223785,-40.98713756302787,1.5366980347758625,45.77152589171408,0.1056599989533424,13
1799,Photon,33.84236710668326,18.91956165584648,-7.911736830775533,39.570837791858885,0.0,22
1870,Higgs,-5.605577938456439,-30.300302430108474,-27.674800342984824,131.68304904354326,125.0,25
1870,Z Boson,0.0,-2.7755575615628914e-15,0.0,90.26535666701923,90.26535034179688,23
1870,Muon+,16.170011477759687,21.37509759968901,36.31230097906813,45.13267857841899,0.1056599989533424,-13
1870,Muon-,-16.170011959237414,-21.375096671098746,-36.3123029093273,45.13267830109479,0.1056599989533424,13
1870,Photon,-5.60557802399077,-30.300302892454397,-27.67480076526877,41.41769438584792,0.0,22
1958,Higgs,3.553641211356174,8.176165341020708,39.944425739283574,131.52959816400224,125.0,25
1958,Z Boson,0.0,6.661338147750939e-16,-3.552713678800501e-15,90.60240387022,90.60240173339844,23
1958,Muon+,3.2733710328689076,-34.03116089066915,-29.721255236835656,45.30120351012353,0.1056599989533424,-13
1958,Muon-,-3.273370695215336,34.03116016531323,29.721254444930175,45.30120370895654,0.1056599989533424,13
1958,Photon,3.553641211356174,8.176165341020706,39.94442573928357,40.92719429378223,0.0,22
2003,Higgs,-6.737221557030028,-31.630161630898602,-26.59240077923379,131.82569195080555,125.0,25
2003,Z Boson,0.0,-5.995204332975845e-15,3.552713678800501e-15,89.95669434379604,89.95669555664062,23
2003,Electron+,12.505385254110887,25.748954425789748,34.69378090164504,44.97834456943937,0.0005109999910928,-11
2003,Electron-,-12.505384568979341,-25.748951540532797,-34.69378198683758,44.978345648785236,0.0005109999910928,11
2003,Photon,-6.737221659831871,-31.630162113536556,-26.592401185001634,41.86899961850991,0.0,22
2020,Higgs,-6.6231766125480664,-36.9549232495304,-15.44186468498288,131.4267248536956,125.0,25
2020,Z Boson,0.0,1.1657341758564144e-15,0.0,90.83135762508512,90.83135223388672,23
2020,Electron+,-24.953135021678786,25.8652919193149,27.76529496271869,45.41567590826502,0.0005109999910928,-11
2020,Electron-,24.95313473783374,-25.865292749837533,-27.765292605411027,45.41567805952337,0.0005109999910928,11
2020,Photon,-6.623176713609722,-36.954923813417786,-15.441864920607047,40.59536923402315,0.0,22
2050,Higgs,-24.540057857932513,-5.611172307662057,32.46898724880078,131.57862602755714,125.0,25
2050,Z Boson,3.552713678800501e-15,-2.220446049250313e-16,0.0,90.4941426653184,90.494140625,23
2050,Muon+,-32.912731482139236,15.349096984770183,26.989695262477383,45.2470727328585,0.1056599989533424,-13
2050,Muon-,32.912731480091985,-15.34909746207545,-26.98969525976868,45.247069953864845,0.1056599989533424,13
2050,Photon,-24.540057857932513,-5.611172307662057,32.468987248800765,41.0844833622387,0.0,22
2095,Higgs,-34.74878792996926,-11.622892158593343,1.4232493406682567,130.2674000792907,125.0,25
2095,Z Boson,-3.552713678800501e-15,3.3306690738754696e-16,0.0,93.59867340209014,93.59867095947266,23
2095,Electron+,22.55354567791958,-31.51726423955204,26.233139360295112,46.79933568928026,0.0005109999910928,-11
2095,Electron-,-22.553543698577847,31.517264263632534,-26.233139244034536,46.799337183942775,0.0005109999910928,11
2095,Photon,-34.74878846019368,-11.622892335944602,1.4232493623853082,36.66872866492333,0.0,22
2124,Higgs,-18.118549697399583,33.72523030797158,8.641264567136215,131.01658084296852,125.0,25
2124,Z Boson,1.7763568394002505e-15,1.1102230246251565e-16,-8.881784197001252e-16,91.76936020566473,91.76935577392578,23
2124,Electron+,5.240250521641618,-1.3321310735748586,45.564996119464496,45.88467911330794,0.0005109999910928,-11
2124,Electron-,-5.240249838943681,1.3321300247169274,-45.564998295557295,45.88467694491359,0.0005109999910928,11
2124,Photon,-18.118549973866713,33.72523082257776,8.641264698991439,39.24722263645819,0.0,22
2128,Higgs,-15.809524156822217,-32.728956659934994,21.10170958559148,131.87648693208237,125.0,25
2128,Z Boson,1.7763568394002505e-15,-2.7755575615628914e-15,1.7763568394002505e-15,89.84783525318898,89.84783172607422,23
2128,Electron+,-30.753219651549248,30.013904115375567,13.098214848977978,44.92391666656982,0.0005109999910928,-11
2128,Electron-,30.753219163011536,-30.013903152447426,-13.098214516143194,44.923914843678546,0.0005109999910928,11
2128,Photon,-15.809524639290604,-32.728957658743475,21.10171022956453,42.02865570344437,0.0,22
2148,Higgs,32.462408804314016,14.838780230106357,16.779118852987402,131.0745444912111,125.0,25
2148,Z Boson,3.552713678800501e-15,-1.6653345369377348e-16,-1.7763568394002505e-15,91.6342579245347,91.6342544555664,23
2148,Electron+,-0.5195293515642749,19.751843815772965,41.33768418221579,45.81712796230932,0.0005109999910928,-11
2148,Electron-,0.5195293696692413,-19.75184476117138,-41.33768226550909,45.8171301050435,0.0005109999910928,11
2148,Photon,32.46240880431401,14.838780230106357,16.779118852987395,39.4402865666764,0.0,22
2160,Higgs,27.176129449080406,-15.432213303127126,22.93425458395063,130.8727444985695,125.0,25
2160,Z Boson,-3.552713678800501e-15,4.440892098500626e-16,-3.552713678800501e-15,92.10838924358428,92.10839080810548,23
2160,Electron+,-15.030122367966012,41.11133109639277,14.31582349666123,46.054195233686976,0.0005109999910928,-11
2160,Electron-,15.030123840801288,-41.11133112042672,-14.315822984106518,46.05419440839065,0.0005109999910928,11
2160,Photon,27.176129449080406,-15.432213303127126,22.934254583950622,38.764355254985205,0.0,22
2242,Higgs,-30.44151133768621,-25.613058066276963,9.153826309637461,131.49717446445746,125.0,25
2242,Z Boson,3.552713678800501e-15,2.4424906541753444e-15,0.0,90.6742998768348,90.67430114746094,23
2242,Muon+,31.206752458212655,32.886827139725185,0.20328923059348636,45.33714960283631,0.1056599989533424,-13
2242,Muon-,-31.206752460284772,-32.88682714146864,-0.203288991551815,45.33715029145803,0.1056599989533424,13
2242,Photon,-30.441510408685012,-25.613057284628468,9.15382603028484,40.822870574647375,0.0,22
2281,Higgs,19.64426341672557,-4.2127571712638705,30.89964696148904,130.32049950224405,125.0,25
2281,Z Boson,0.0,1.942890293094024e-16,0.0,93.46358132807134,93.4635772705078,23
2281,Muon+,-39.63472918102716,4.771200327927694,-24.293470532369774,46.731790061086805,0.1056599989533424,-13
2281,Muon-,39.63473149528665,-4.7712002106730225,24.293470626006872,46.73178797528563,0.1056599989533424,13
2281,Photon,19.64426371647324,-4.2127572355454435,30.899647432980224,36.85692016270572,0.0,22
2350,Higgs,27.30200019684022,-26.580164570137356,-0.07936658601097911,130.6786541956215,125.0,25
2350,Z Boson,3.552713678800501e-15,-9.992007221626409e-16,1.3877787807814457e-17,92.57470601338734,92.57470703125,23
2350,Muon+,-0.6598040943205081,34.92480315425954,30.36989839280932,46.287353621472676,0.1056599989533424,-13
2350,Muon-,0.6598049708166016,-34.924805914930644,-30.36989833947792,46.287356785456346,0.1056599989533424,13
2350,Photon,27.30199936364929,-26.580163758975107,-0.07936658358891313,38.103944194238125,0.0,22
2496,Higgs,-27.091497703354555,-13.803154654681776,-24.8014264540235,131.01369043113877,125.0,25
2496,Z Boson,0.0,1.1102230246251565e-16,3.552713678800501e-15,91.77611629006395,91.776123046875,23
2496,Electron+,-14.679648933939859,-0.15480943171234585,43.47640524801039,45.888061475816066,0.0005109999910928,-11
2496,Electron-,14.679647097151705,0.15480945860181006,-43.47640796382237,45.88805934494503,0.0005109999910928,11
2496,Photon,-27.09149687658766,-13.803154233442926,-24.801425697144044,39.23757014285429,0.0,22
2509,Higgs,5.673791275536233,-35.370976629353585,20.049959544069814,131.56860861494076,125.0,25
2509,Z Boson,-8.881784197001252e-16,4.440892098500626e-16,1.7763568394002505e-15,90.51621833283434,90.51622009277344,23
2509,Muon+,7.81383009081531,18.988146057857502,-40.332115181600045,45.25811035404354,0.1056599989533424,-13
2509,Muon-,-7.81383009678301,-18.988145066979953,40.33211516051148,45.25810770893168,0.1056599989533424,13
2509,Photon,5.673791275536233,-35.370976629353585,20.0499595440698,41.052390282106415,0.0,22
2515,Higgs,-10.124181366179409,9.978320714124845,-35.97518752634024,130.84830931335938,125.0,25
2515,Z Boson,0.0,9.43689570931383e-16,3.552713678800501e-15,92.16652888807602,92.16653442382812,23
2515,Muon+,15.61908924304745,6.8787078009205045,42.80634890447193,46.08326395014713,0.1056599989533424,-13
2515,Muon-,-15.619088787157185,-6.878707541856814,-42.80635088625309,46.08326546727813,0.1056599989533424,13
2515,Photon,-10.124181211696662,9.978320561867752,-35.97518697740245,38.681778428696624,0.0,22
2542,Higgs,-2.3638376723780046,-31.656965744421562,-35.34060181193435,133.7225087452166,125.0,25
2542,Z Boson,0.0,-8.881784197001252e-16,3.552713678800501e-15,86.21767253264079,86.2176742553711,23
2542,Electron+,33.65594611618729,-26.656846384806727,-3.8809582996353003,43.10883653625386,0.0005109999910928,-11
2542,Electron-,-33.65594302555057,26.65684435954228,3.880956260650052,43.10883696007609,0.0005109999910928,11
2542,Photon,-2.3638376002394033,-31.65696477832763,-35.34060073342478,47.504832131688694,0.0,22
2572,Higgs,15.549111822798418,32.275249348518,20.198394579825106,131.5919516634251,125.0,25
2572,Z Boson,1.7763568394002505e-15,-1.3322676295501878e-15,3.552713678800501e-15,90.46480981048113,90.46481323242188,23
2572,Muon+,14.113772029030828,42.87412603940969,-2.9274551716806583,45.232405100016976,0.1056599989533424,-13
2572,Muon-,-14.113772063543664,-42.87412801839653,2.927454650011107,45.23240414093217,0.1056599989533424,13
2572,Photon,15.549111822798416,32.27524934851801,20.19839457982509,41.12714185294398,0.0,22
2655,Higgs,24.54639687590943,-4.255990656894491,-31.47357423105045,131.28680410055946,125.0,25
2655,Z Boson,3.552713678800501e-15,-5.551115123125783e-17,-7.105427357601002e-15,91.14673777643856,91.14673614501952,23
2655,Muon+,42.57181756475636,-15.010876407952352,-6.263775753070286,45.57337063686536,0.1056599989533424,-13
2655,Muon-,-42.57181560739573,15.010877352955315,6.263774973688779,45.5733676617441,0.1056599989533424,13
2655,Photon,24.546396875909426,-4.2559906568944905,-31.47357423105045,40.14006632412088,0.0,22
2715,Higgs,-2.414442690076193,-8.747946033498092,32.06589353616942,129.3660605475084,125.0,25
2715,Z Boson,2.220446049250313e-16,-1.3877787807814457e-15,-3.552713678800501e-15,96.04072944189704,96.04073333740234,23
2715,Electron+,-21.62520941933156,5.8061644163388255,42.48051619487741,48.02036538675693,0.0005109999910928,-11
2715,Electron-,21.625208465482395,-5.8061644169723365,-42.480516192555264,48.02036407356086,0.0005109999910928,11
2715,Photon,-2.4144426532347216,-8.747945900015027,32.06589304688271,33.325329131641936,0.0,22
2740,Higgs,-18.732882878881455,-35.919662448802185,-10.595302058745164,131.82717275700722,125.0,25
2740,Z Boson,1.7763568394002505e-15,1.9984014443252818e-15,8.881784197001252e-16,89.9535135828268,89.9535140991211,23
2740,Muon+,-34.04283249183512,-21.150910631413673,-20.411319275186806,44.97675697803096,0.1056599989533424,-13
2740,Muon-,34.042832454805655,21.15090865306231,20.41131973108013,44.976757112468505,0.1056599989533424,13
2740,Photon,-18.732883164722566,-35.91966299689274,-10.595302220416654,41.873661185703455,0.0,22
2765,Higgs,31.682787472835567,-37.52088909850773,-45.202626037417126,141.7035410336311,125.0,25
2765,Z Boson,0.0,-8.881784197001252e-16,-3.552713678800501e-15,74.95855006814472,74.95854949951172,23
2765,Electron+,-32.83095972238467,15.479649209129606,-9.338347729951245,37.47927553580389,0.0005109999910928,-11
2765,Electron-,32.83096061777319,-15.479648838997461,9.338346929315202,37.47927825496287,0.0005109999910928,11
2765,Photon,31.682786505953622,-37.52088795346107,-45.20262465794246,66.74498664103749,0.0,22
2766,Higgs,-21.355014273271394,-1.8612012359879653,40.545847010209364,133.1482873131599,125.0,25
2766,Z Boson,0.0,-3.3306690738754696e-16,0.0,87.28472668541492,87.28472137451172,23
2766,Electron+,-11.126707564784219,24.697779734581353,-34.21800309125225,43.64236387148024,0.0005109999910928,-11
2766,Electron-,11.126708459890745,-24.697778366045377,34.218001844427086,43.64235869031516,0.0005109999910928,11
2766,Photon,-21.355014924974714,-1.8612012927873196,40.54584824757042,45.863564691108266,0.0,22
2932,Higgs,-19.40947214074348,-3.716234423512494,-21.334639237580774,128.33824386546092,125.0,25
2932,Z Boson,0.0,-5.273559366969494e-16,3.552713678800501e-15,99.25723819917962,99.25724029541016,23
2932,Electron+,-42.32733019705202,2.5023813550131524,-25.790215742823616,49.628621440084984,0.0005109999910928,-11
2932,Electron-,42.327327649741406,-2.5023814775434676,25.790213132037106,49.62862129737282,0.0005109999910928,11
2932,Photon,-19.409471844578437,-3.7162343668072566,-21.334638912040027,29.081003707995116,0.0,22
3032,Higgs,8.912062133673354,22.56730722436826,29.291272765663738,130.6586654878504,125.0,25
3032,Z Boson,0.0,1.7208456881689926e-15,0.0,92.62332693852483,92.62332916259766,23
3032,Muon+,-38.834555813946345,16.308518798808514,-19.25275607543429,46.31166516642544,0.1056599989533424,-13
3032,Muon-,38.834557035963535,-16.308519072979475,19.25275695739676,46.311665655304154,0.1056599989533424,13
3032,Photon,8.912061997686077,22.56730688001848,29.291272318714377,38.03533655563257,0.0,22
3174,Higgs,-20.122357818014816,-44.71919377547782,-20.357929942688617,135.8092813015236,125.0,25
3174,Z Boson,0.0,4.218847493575595e-15,0.0,82.7135079018103,82.71350860595703,23
3174,Muon+,-20.009183617594932,35.251840380146156,-8.204292394564453,41.35675507020159,0.1056599989533424,-13
3174,Muon-,20.009183054657925,-35.251839723848185,8.204291705827865,41.35675631323316,0.1056599989533424,13
3174,Photon,-20.12235720392919,-44.719192410756335,-20.357929321413913,53.095769255142955,0.0,22
3237,Higgs,31.702754332559145,-7.172245320497043,23.91570694977229,131.35245248610843,125.0,25
3237,Z Boson,-7.105427357601002e-15,5.551115123125783e-16,0.0,90.99818737127819,90.99818420410156,23
3237,Electron+,-26.572196563922514,20.52611770786271,-30.704469505440052,45.499091320817385,0.0005109999910928,-11
3237,Electron-,26.572193629258436,-20.52611747544889,30.704468730460864,45.49909155815645,0.0005109999910928,11
3237,Photon,31.702754816304793,-7.172245429936823,23.91570731469701,40.35426711910961,0.0,22
3276,Higgs,24.22436027630916,-25.118008768522806,19.797108633873243,131.28084211168587,125.0,25
3276,Z Boson,3.552713678800501e-15,1.1102230246251565e-16,-1.7763568394002505e-15,91.16027722647046,91.1602783203125,23
3276,Electron+,-10.061490892951596,-44.19392879954211,-4.817896906889444,45.580138931610406,0.0005109999910928,-11
3276,Electron-,10.061492135122656,44.19392997512679,4.817897006802237,45.58014194640271,0.0005109999910928,11
3276,Photon,24.224359537040346,-25.118008001982005,19.79710802971342,40.12056087884204,0.0,22
3286,Higgs,21.01580595242892,15.377823339668497,-31.95232371890606,131.62101861607806,125.0,25
3286,Z Boson,0.0,-1.7763568394002505e-15,0.0,90.40096681075818,90.40097045898438,23
3286,Muon+,33.042607302298094,30.441780742055677,-4.955486080142621,45.200486575755896,0.1056599989533424,-13
3286,Muon-,-33.042608564610845,-30.44178027006579,4.955483668921886,45.200484296746545,0.1056599989533424,13
3286,Photon,21.01580563175317,15.377823105021537,-31.95232323135231,41.22004979694255,0.0,22
3375,Higgs,-30.186187676826496,15.829487749491296,20.093201840498825,131.11260568333967,125.0,25
3375,Z Boson,0.0,-4.996003610813204e-16,0.0,91.54601241322275,91.54601287841795,23
3375,Electron+,-36.36973041349568,-26.79304259420321,-7.385370518627858,45.773005583844466,0.0005109999910928,-11
3375,Electron-,36.369728478068765,26.79304070157869,7.3853706565272415,45.77300706760652,0.0005109999910928,11
3375,Photon,-30.186188137431163,15.82948799103011,20.09320214709674,39.5665952707365,0.0,22
3542,Higgs,25.891183504927362,-2.5797274588942254,-27.6575527084572,130.64053199091424,125.0,25
3542,Z Boson,3.552713678800501e-15,-4.440892098500626e-16,0.0,92.66753692386557,92.66753387451172,23
3542,Electron+,-21.92932115062537,8.388916008555805,-39.944321463165934,46.33376757902135,0.0005109999910928,-11
3542,Electron-,21.929321333920488,-8.388915812588015,39.944322286102576,46.333765553085414,0.0005109999910928,11
3542,Photon,25.891184295063574,-2.579727537621259,-27.657553552498737,37.97299905388132,0.0,22
3547,Higgs,-34.405219904902516,9.951635385840918,13.499149661830364,130.7286550269294,125.0,25
3547,Z Boson,0.0,1.6653345369377348e-16,1.7763568394002505e-15,92.45358118828095,92.45358276367188,23
3547,Muon+,-29.95235706812123,-6.230746039914031,-34.65456893329148,46.22679284831841,0.1056599989533424,-13
3547,Muon-,29.952355987891316,6.230746590786774,34.65457126447652,46.226792554446405,0.1056599989533424,13
3547,Photon,-34.405219379920524,9.951635233991013,13.499149455849674,38.275071843887474,0.0,22
3600,Higgs,3.6398596665205196,-27.38780080616582,30.852679638489615,131.68229969234838,125.0,25
3600,Z Boson,4.440892098500626e-16,-2.4424906541753444e-15,0.0,90.26698563536276,90.2669906616211,23
3600,Electron+,-3.547985405791881,-43.90575338774704,9.835085377804909,45.133495612516256,0.0005109999910928,-11
3600,Electron-,3.5479852792411837,43.9057525460071,-9.835084176255236,45.13349409705362,0.0005109999910928,11
3600,Photon,3.6398596109806687,-27.38780038826114,30.852679167715074,41.41531204767319,0.0,22
3657,Higgs,19.588943169086377,15.079895647452748,-2.792039975942461,127.45165920633211,125.0,25
3657,Z Boson,-3.552713678800501e-15,5.828670879282072e-16,4.440892098500626e-16,102.57344971592194,102.57344818115234,23
3657,Muon+,-37.432493773803536,-23.823603889751865,25.720831983781125,51.286723095833075,0.1056599989533424,-13
3657,Muon-,37.43249316789555,23.823602469639464,-25.720832374257352,51.286722626173194,0.1056599989533424,13
3657,Photon,19.588943467989935,15.079895877553696,-2.7920400185456216,24.87821143516818,0.0,22
3679,Higgs,81.9831320072975,27.437805625940275,1.918117327620132,151.99587588278627,125.0,25
3679,Z Boson,0.0,-4.440892098500626e-16,0.0,65.52191374340566,65.52191162109375,23
3679,Muon+,-20.680912284355855,-24.274753157626055,7.503683591835574,32.76095625724878,0.1056599989533424,-13
3679,Muon-,20.68091223414919,24.274753775325273,-7.5036836153228625,32.76095600169937,0.1056599989533424,13
3679,Photon,81.9831320072975,27.437805625940275,1.9181173276201218,86.4739621393806,0.0,22
3731,Higgs,-31.77129989528052,24.08026225878672,7.5287025744716285,131.4190088607529,125.0,25
3731,Z Boson,0.0,7.771561172376096e-16,-8.881784197001252e-16,90.84862794529657,90.84862518310548,23
3731,Muon+,-22.717809527214534,-10.623668120977973,37.87342056360112,45.42431293471347,0.1056599989533424,-13
3731,Muon-,22.717810534399035,10.623667245956247,-37.87342105311835,45.4243145787145,0.1056599989533424,13
3731,Photon,-31.771300380072084,24.080262626222364,7.528702689350503,40.570382920751285,0.0,22
3751,Higgs,-15.042836818729327,-26.02345435250689,25.12020810564186,130.99439671704545,125.0,25
3751,Z Boson,-1.7763568394002505e-15,-1.1102230246251565e-15,0.0,91.82129556412967,91.8212890625,23
3751,Muon+,-43.20760544636899,13.361561631521129,7.896061253673523,45.910647036042036,0.1056599989533424,-13
3751,Muon-,43.20760544063679,-13.361561879856156,-7.896061005682677,45.910648625636426,0.1056599989533424,13
3751,Photon,-15.042837048264802,-26.023454749593295,25.120208488945806,39.173103151731645,0.0,22
3806,Higgs,4.612980369775677,-34.8631735617301,-21.21858126013661,131.5748784889436,125.0,25
3806,Z Boson,-4.440892098500626e-16,-2.7755575615628914e-16,1.7763568394002505e-15,90.50239543587882,90.5023956298828,23
3806,Electron+,28.27082669314192,8.348948528955576,-34.33258581560518,45.25119867828493,0.0005109999910928,-11
3806,Electron-,-28.270826090596806,-8.348947571660478,34.33258714472796,45.251199934797995,0.0005109999910928,11
3806,Photon,4.612980228998689,-34.86317249779047,-21.21858061259691,41.07247903771813,0.0,22
3910,Higgs,-22.46072414408185,27.20388957124836,-9.645369245831303,130.24042722891247,125.0,25
3910,Z Boson,3.552713678800501e-15,4.218847493575595e-15,1.7763568394002505e-15,93.66763779356799,93.66764068603516,23
3910,Electron+,6.3477000320082135,46.31986475373694,2.753800304877006,46.833821649995095,0.0005109999910928,-11
3910,Electron-,-6.347701405873642,-46.31986586339333,-2.753800349286959,46.833819813221105,0.0005109999910928,11
3910,Photon,-22.4607238013584,27.203889156149945,-9.645369098654658,36.57278744803327,0.0,22
3913,Higgs,30.1048658218922,-3.4213100065029782,-21.364950867687405,130.3820134600376,125.0,25
3913,Z Boson,0.0,-6.938893903907228e-17,3.552713678800501e-15,93.30817392173974,93.30817413330078,23
3913,Muon+,37.48101205593561,-1.5084469373155105,27.73970391265337,46.65408927293613,0.1056599989533424,-13
3913,Muon-,-37.481011098585874,1.5084467689115033,-27.739706499418084,46.654088955381575,0.1056599989533424,13
3913,Photon,30.104864903164607,-3.421309902092883,-21.364950215680857,37.073835559354585,0.0,22
3952,Higgs,-12.46744271397912,-9.841648749433698,37.85854996475758,131.56962029042884,125.0,25
3952,Z Boson,0.0,-9.43689570931383e-16,3.552713678800501e-15,90.51398565941179,90.51398468017578,23
3952,Electron+,-18.834888834322435,-24.809793289673863,32.83164079131782,45.25699245717556,0.0005109999910928,-11
3952,Electron-,18.83488882884949,24.80979185484211,-32.8316407746987,45.25699331486494,0.0005109999910928,11
3952,Photon,-12.467442523741042,-9.841648599262056,37.85854938708194,41.05563262342399,0.0,22
4022,Higgs,14.568801936248274,39.20915961777604,-10.99172195347961,132.2702768549778,125.0,25
4022,Z Boson,0.0,5.051514762044462e-15,-8.881784197001252e-16,89.0218538818391,89.0218505859375,23
4022,Muon+,-25.91517356484929,-15.933785728767974,-32.49199258252443,44.51092878915011,0.1056599989533424,-13
4022,Muon-,25.9151754974915,15.933786512096562,32.491992563441194,44.51092553934789,0.1056599989533424,13
4022,Photon,14.568801936248274,39.20915961777603,-10.99172195347962,43.24842297313871,0.0,22
4036,Higgs,16.194813109720375,42.48623981352108,4.2581955804000025,133.08074531934264,125.0,25
4036,Z Boson,0.0,2.275957200481571e-15,4.440892098500626e-16,87.41363652194136,87.41363525390625,23
4036,Muon+,-28.99483522681641,-32.53007743460171,-3.371742519096485,43.706817076696794,0.1056599989533424,-13
4036,Muon-,28.99483355107442,32.53007804220955,3.3717425799941565,43.70682122878234,0.1056599989533424,13
4036,Photon,16.194812862607137,42.486239165232504,4.258195515425085,45.66710676675025,0.0,22
4137,Higgs,-19.109247894241594,-25.79045974934859,22.09664201369202,130.9334669114341,125.0,25
4137,Z Boson,0.0,1.9984014443252818e-15,0.0,91.96459726607979,91.964599609375,23
4137,Electron+,44.75209715495177,-10.310481313996549,-2.3055627633771554,45.98229862542102,0.0005109999910928,-11
4137,Electron-,-44.75209716702248,10.31048010561264,2.3055623004977432,45.98229880232378,0.0005109999910928,11
4137,Photon,-19.10924789424159,-25.79045974934859,22.09664201369201,38.96886964535429,0.0,22
4143,Higgs,-15.924960934955973,35.873086366053535,-8.595599561447443,131.29877013143332,125.0,25
4143,Z Boson,-1.7763568394002505e-15,-3.9968028886505635e-15,0.0,91.11958253708796,91.1195831298828,23
4143,Electron+,19.730028896382883,19.119352662297466,-36.343788122950755,45.559792233421405,0.0005109999910928,-11
4143,Electron-,-19.730028930393985,-19.119350678334314,36.343788104593045,45.559790851046415,0.0005109999910928,11
4143,Photon,-15.92496069196035,35.87308581867368,-8.595599430289013,40.17918559088512,0.0,22
4187,Higgs,-9.156499090036471,2.463556813840414,40.11268887553466,131.62043305120332,125.0,25
4187,Z Boson,8.881784197001252e-16,-3.469446951953614e-16,-3.552713678800501e-15,90.40225296286602,90.40225219726562,23
4187,Muon+,31.48328564622028,23.026198724097593,-22.841357282116512,45.2011259137971,0.1056599989533424,-13
4187,Muon-,-31.483284201050175,-23.026198728041496,22.84135626422584,45.20112663824558,0.1056599989533424,13
4187,Photon,-9.156499090036473,2.4635568138404143,40.11268887553466,41.21818008833732,0.0,22
4359,Higgs,-21.002753423373896,-18.275128556135023,24.67380083240978,130.41814452990707,125.0,25
4359,Z Boson,0.0,5.551115123125783e-16,0.0,93.21744056248605,93.21743774414062,23
4359,Muon+,-41.614150543869364,-18.27525511326263,10.326630628970449,46.60872153816225,0.1056599989533424,-13
4359,Muon-,41.614149588628294,18.27525511189934,-10.326631342385575,46.60871904337748,0.1056599989533424,13
4359,Photon,-21.0027534233739,-18.275128556135023,24.673800832409768,37.20070396742102,0.0,22
4406,Higgs,37.446627010762846,11.476348036365815,-7.334649143238574,131.19738380314374,125.0,25
4406,Z Boson,7.105427357601002e-15,-6.661338147750939e-16,0.0,91.35075895395818,91.35076141357422,23
4406,Electron+,-29.144910590211374,-25.29232072132733,24.435896753132663,45.67537830978181,0.0005109999910928,-11
4406,Electron-,29.14490860805467,25.29232165207505,-24.435896261642892,45.67538013236429,0.0005109999910928,11
4406,Photon,37.44662701076284,11.476348036365815,-7.334649143238584,39.846624849185574,0.0,22
4468,Higgs,-30.654038100997578,0.4825710663640227,-21.71048398091041,130.52297897848052,125.0,25
4468,Z Boson,0.0,2.7755575615628914e-17,-3.552713678800501e-15,92.95639824773437,92.9563980102539,23
4468,Electron+,36.40703074831765,23.110931913973182,-17.338854652268452,46.478200081943264,0.0005109999910928,-11
4468,Electron-,-36.40703275185258,-23.110931197203236,17.338852676796623,46.478198967571586,0.0005109999910928,11
4468,Photon,-30.654038100997578,0.4825710663640227,-21.710483980910418,37.56658073074617,0.0,22
4476,Higgs,-8.11717218247738,-17.081374330851226,32.44083018755674,130.5184634315335,125.0,25
4476,Z Boson,8.881784197001252e-16,-1.1102230246251565e-15,3.552713678800501e-15,92.9675713819603,92.9675750732422,23
4476,Muon+,-22.63672952734799,-1.9153147084403164,40.55417768575436,46.48378670727507,0.1056599989533424,-13
4476,Muon-,22.636728323989907,1.915314183018189,-40.554176687876215,46.48378871972175,0.1056599989533424,13
4476,Photon,-8.117171934760945,-17.081373809569047,32.44082919754116,37.55088806646577,0.0,22
4505,Higgs,22.740712188708464,-3.142667744942611,32.13634657960513,131.0906599376526,125.0,25
4505,Z Boson,0.0,0.0,0.0,91.59684692613642,91.59684753417967,23
4505,Muon+,-12.713035422153496,23.429339633230494,-37.24149963471179,45.79842305103148,0.1056599989533424,-13
4505,Muon-,12.713033967999966,-23.429339391544683,37.24149960130171,45.798423608864,0.1056599989533424,13
4505,Photon,22.74071184171273,-3.1426676969893066,32.13634608924339,39.49381101123143,0.0,22
4528,Higgs,22.022676023176086,-11.990640286974193,31.146141587908044,131.2396885455288,125.0,25
4528,Z Boson,-3.552713678800501e-15,-2.220446049250313e-16,3.552713678800501e-15,91.25399394840112,91.25399017333984,23
4528,Electron+,20.091347997010104,-30.139032536847584,27.74525787263299,45.626996932211675,0.0005109999910928,-11
4528,Electron-,-20.091347036757654,30.139033486940324,-27.745257863329684,45.626997092727805,0.0005109999910928,11
4528,Photon,22.02267602317609,-11.990640286974193,31.146141587908033,39.98569459712766,0.0,22
4596,Higgs,21.683472386209196,31.46722384188911,-8.297133023525584,130.9740492137627,125.0,25
4596,Z Boson,-3.552713678800501e-15,3.885780586188048e-16,-8.881784197001252e-16,91.86904035523362,91.8690414428711,23
4596,Electron+,-30.0085335241017,-34.43488945798576,-4.868951040161676,45.934521982762234,0.0005109999910928,-11
4596,Electron-,30.008531241421036,34.434888389931956,4.86895093806956,45.93452138512237,0.0005109999910928,11
4596,Photon,21.683472055345668,31.46722336173738,-8.297132896921392,39.10500686002367,0.0,22
4623,Higgs,-20.553542706316115,21.32810895203608,-31.596588132345083,132.29013844899904,125.0,25
4623,Z Boson,1.7763568394002505e-15,7.771561172376096e-16,3.552713678800501e-15,88.98100788622438,88.98101043701172,23
4623,Muon+,0.5749479032263549,44.23474477617619,4.727631151833599,44.490505844813725,0.1056599989533424,-13
4623,Muon-,-0.5749489712043481,-44.23474797745532,-4.727632537420833,44.490505626640015,0.1056599989533424,13
4623,Photon,-20.553542392693945,21.328108626594965,-31.596587650219423,43.30912854418734,0.0,22
4682,Higgs,16.945580048657934,13.80583518938892,-33.477042884488135,131.2382039223027,125.0,25
4682,Z Boson,-1.7763568394002505e-15,1.4432899320127035e-15,0.0,91.2573806777537,91.25738525390624,23
4682,Muon+,28.478669838728884,33.700425097793826,-11.628109382807153,45.62869023291531,0.1056599989533424,-13
4682,Muon-,-28.478670791659656,-33.70042700453668,11.628108070036042,45.62869045608173,0.1056599989533424,13
4682,Photon,16.9455797900889,13.80583497872859,-33.477042373669,39.980821242012894,0.0,22
4723,Higgs,-33.1669688700487,3.543988432149943,25.5583654556925,131.87432548756686,125.0,25
4723,Z Boson,-3.552713678800501e-15,-1.942890293094024e-16,-3.552713678800501e-15,89.85245366117796,89.85245513916016,23
4723,Muon+,23.7083799375873,-18.723272195064148,-33.25216376686126,44.926228842447486,0.1056599989533424,-13
4723,Muon-,-23.708380928297935,18.723273391114482,33.25216379540132,44.9262251055725,0.1056599989533424,13
4723,Photon,-33.16696887004869,3.5439884321499426,25.55836545569249,42.02187182638889,0.0,22
4738,Higgs,-8.810628110938708,-30.53303054781355,25.329236156298816,131.43996091906195,125.0,25
4738,Z Boson,-8.881784197001252e-16,-7.771561172376096e-16,3.552713678800501e-15,90.80175736000909,90.8017578125,23
4738,Muon+,25.222474688198982,1.7758121097737742,-37.708115255575606,45.40088227403418,0.1056599989533424,-13
4738,Muon-,-25.222475427066403,-1.775812064159344,37.70811600887335,45.400878897865525,0.1056599989533424,13
4738,Photon,-8.810627842059677,-30.533029616019405,25.32923538331186,40.63819954782361,0.0,22
4944,Higgs,-25.31955973980256,2.8703723115987385,-38.96914113169903,133.39007872839306,125.0,25
4944,Z Boson,0.0,1.6653345369377348e-16,0.0,86.82922482258357,86.8292236328125,23
4944,Electron+,-22.727824195017163,-36.9838261381704,0.6863493997276375,43.41461057157271,0.0005109999910928,-11
4944,Electron-,22.727824188043,36.983829238402556,-0.6863494104615118,43.414614322183276,0.0005109999910928,11
4944,Photon,-25.31955973980256,2.8703723115987385,-38.96914113169904,46.56085390580948,0.0,22
4972,Higgs,32.19852305329949,-9.479296970356355,25.756708088008068,131.96594246015493,125.0,25
4972,Z Boson,-3.552713678800501e-15,-1.3877787807814457e-15,3.552713678800501e-15,89.65743555493334,89.65743255615234,23
4972,Electron+,12.727047288659048,-41.26211800676581,12.044660635312754,44.82871744351973,0.0005109999910928,-11
4972,Electron-,-12.727047022796325,41.26211656817473,-12.04466037494066,44.82871833043639,0.0005109999910928,11
4972,Photon,32.19852354460996,-9.479297114998946,25.756708481024233,42.30850891886209,0.0,22
5065,Higgs,22.315182173279915,-33.835294725258706,-3.9880638970084608,131.46748334937584,125.0,25
5065,Z Boson,0.0,2.275957200481571e-15,-4.440892098500626e-16,90.7403554259434,90.74034881591795,23
5065,Muon+,-16.21626588188652,37.58681319748436,-19.5628679841122,45.37017579840862,0.1056599989533424,-13
5065,Muon-,16.216265244479406,-37.58681413836732,19.562868574863742,45.37017611653796,0.1056599989533424,13
5065,Photon,22.31518285428523,-33.83529575782996,-3.988064018714522,40.72713193550162,0.0,22
5197,Higgs,-26.4357562678489,20.83491815833785,-0.11769175213484948,129.4525274974045,125.0,25
5197,Z Boson,3.552713678800501e-15,1.7763568394002505e-15,0.0,95.79310501609058,95.79310607910156,23
5197,Electron+,-6.111680715647334,-20.822188778907098,-42.698516557529075,47.89655095291582,0.0005109999910928,-11
5197,Electron-,6.1116810353070825,20.822188151160816,42.69851879624926,47.89655021133706,0.0005109999910928,11
5197,Photon,-26.435756671226528,20.83491847625347,-0.11769175393069309,33.65942445660271,0.0,22
5281,Higgs,-1.2455156803152578,-16.373495957471057,39.62604030846607,132.15470385009914,125.0,25
5281,Z Boson,-1.1102230246251565e-16,-1.4432899320127035e-15,3.552713678800501e-15,89.26104910227605,89.26104736328125,23
5281,Muon+,24.71648134765802,-33.12955815685133,-16.834496591718036,44.63052221789141,0.1056599989533424,-13
5281,Muon-,-24.716481485796088,33.12956059892313,16.834494343942488,44.63052230096244,0.1056599989533424,13
5281,Photon,-1.24551571832538,-16.373496457150498,39.62604151775684,42.8936587808646,0.0,22
5349,Higgs,25.649423910004607,25.66780751038811,-17.421466828080476,131.3211209050066,125.0,25
5349,Z Boson,3.552713678800501e-15,4.773959005888173e-15,-1.7763568394002505e-15,91.06895425958241,91.06895446777344,23
5349,Electron+,11.245772606671748,-42.26767821101043,12.663515455509394,45.53447986626103,0.0005109999910928,-11
5349,Electron-,-11.24577166971422,42.2676809366934,-12.663515534098895,45.53447875058719,0.0005109999910928,11
5349,Photon,25.649423518625458,25.667807118728444,-17.421466562249996,40.25216464162291,0.0,22
5440,Higgs,40.052716597172015,-19.74072289559507,4.714644796648605,132.8199688405799,125.0,25
5440,Z Boson,3.552713678800501e-15,1.1102230246251565e-16,-8.881784197001252e-16,87.91847464918094,87.91847229003906,23
5440,Muon+,10.946767771607252,-32.82658503123025,27.110642716286232,43.959237195467125,0.1056599989533424,-13
5440,Muon-,-10.946768017702844,32.82658503501401,-27.11064200193417,43.959237404296736,0.1056599989533424,13
5440,Photon,40.05271659717201,-19.74072289559507,4.714644796648596,44.90149419139895,0.0,22
5473,Higgs,25.038044620560626,-26.373242885557925,-14.590464863432254,130.99745525640134,125.0,25
5473,Z Boson,0.0,4.218847493575595e-15,0.0,91.8141284453282,91.81412506103516,23
5473,Electron+,-16.074835253493028,40.857334028205415,13.406577335119545,45.90706433274917,0.0005109999910928,-11
5473,Electron-,16.07483450027994,-40.8573332348259,-13.406577849872644,45.90706022617035,0.0005109999910928,11
5473,Photon,25.03804538466111,-26.373243690405427,-14.590465308697917,39.183330808798225,0.0,22
5549,Higgs,-4.595952696585582,-20.042935737403013,-30.548379976321748,130.31134092373026,125.0,25
5549,Z Boson,0.0,-1.8318679906315083e-15,0.0,93.48681422510681,93.48681640625,23
5549,Electron+,18.41436736179051,-22.33455847265189,36.70183746205591,46.743409678612835,0.0005109999910928,-11
5549,Electron-,-18.41436892511514,22.33455789345412,-36.70183643748979,46.74340810974571,0.0005109999910928,11
5549,Photon,-4.595952556328236,-20.042935125741156,-30.548379044059182,36.82452272183692,0.0,22
5583,Higgs,-39.546449414350555,10.988841972196228,-23.604552532870123,133.6669413484453,125.0,25
5583,Z Boson,3.552713678800501e-15,1.3322676295501878e-15,0.0,86.31874715705379,86.3187484741211,23
5583,Electron+,-30.905408154802224,17.6050097504012,24.44690296645492,43.159376720179694,0.0005109999910928,-11
5583,Electron-,30.905408947544903,-17.605009440683673,-24.446903631742842,43.159373912634464,0.0005109999910928,11
5583,Photon,-39.54644820748871,10.988841636843386,-23.604551812516362,47.34819011220023,0.0,22
5588,Higgs,35.275249671815224,-27.29889001802557,13.238509514632762,133.3785243950246,125.0,25
5588,Z Boson,3.552713678800501e-15,-1.1102230246251565e-16,1.7763568394002505e-15,86.85078238970969,86.85078430175781,23
5588,Muon+,35.394630442835606,-14.290061245666237,20.70670454856001,43.42538937348691,0.1056599989533424,-13
5588,Muon-,-35.39463296235573,14.290062196252057,-20.70670382462859,43.42539043963525,0.1056599989533424,13
5588,Photon,35.27524967181522,-27.298890018025567,13.238509514632748,46.527742005314906,0.0,22
5594,Higgs,18.37620584764258,2.4833233328150244,-30.48505384905081,129.9930395994715,125.0,25
5594,Z Boson,0.0,2.498001805406602e-16,-3.552713678800501e-15,94.31124710288823,94.31124877929688,23
5594,Electron+,-31.703040090810592,4.445748372679999,-34.62376880595512,47.15562526499175,0.0005109999910928,-11
5594,Electron-,31.703041088622808,-4.445748009087422,34.623766825384266,47.15562245036564,0.0005109999910928,11
5594,Photon,18.376205847642584,2.483323332815024,-30.48505384905082,35.681792496583284,0.0,22
5604,Higgs,9.469599924107973,-24.45393517667915,40.19624760536284,133.89699992867477,125.0,25
5604,Z Boson,8.881784197001252e-16,-2.220446049250313e-15,3.552713678800501e-15,85.90318079020246,85.90318298339844,23
5604,Electron+,26.05250886249267,-23.372882848382844,24.896071619589264,42.95159169131594,0.0005109999910928,-11
5604,Electron-,-26.052508248625635,23.372880587173473,-24.896072945277986,42.95159093790761,0.0005109999910928,11
5604,Photon,9.469599924107971,-24.453935176679146,40.19624760536283,47.993819138472325,0.0,22
5748,Higgs,32.33817338451985,3.2931832145463726,26.319614694826956,131.811701419927,125.0,25
5748,Z Boson,0.0,0.0,0.0,89.98677566113885,89.98677062988281,23
5748,Electron+,19.126147068948356,28.335400443431798,29.252356556050156,44.99338819527939,0.0005109999910928,-11
5748,Electron-,-19.126148007074043,-28.335401633941288,-29.252354636046697,44.99338758933797,0.0005109999910928,11
5748,Photon,32.33817437140259,3.2931833150463485,26.319615498037845,41.82492978136206,0.0,22
5919,Higgs,23.079721790763855,-50.53300850325247,-34.77201731229094,141.13947603096418,125.0,25
5919,Z Boson,-1.7763568394002505e-15,-5.995204332975845e-15,-3.552713678800501e-15,75.60054514014523,75.60054016113281,23
5919,Electron+,15.732523491884155,6.3343944656257545,-33.78200106109422,37.80027150302082,0.0005109999910928,-11
5919,Electron-,-15.732523525318019,-6.334393438748069,33.78200111146582,37.80027325158815,0.0005109999910928,11
5919,Photon,23.079722495101066,-50.533010045397496,-34.7720183734487,65.53893519805392,0.0,22
5977,Higgs,-31.38020573173189,25.04292524540656,15.788836329194405,132.23521758307402,125.0,25
5977,Z Boson,3.552713678800501e-15,5.329070518200751e-15,0.0,89.09413676676996,89.0941390991211,23
5977,Electron+,-42.4711810757998,5.597322977276343,12.219260621776073,44.547070190987505,0.0005109999910928,-11
5977,Electron-,42.471179095344425,-5.597322918933613,-12.219259631318366,44.547067175065656,0.0005109999910928,11
5977,Photon,-31.380205252907956,25.04292486328184,15.788836088275872,43.14107879855477,0.0,22
6050,Higgs,38.03058794512881,-3.7011362060988047,-23.610269878429346,132.82495575907615,125.0,25
6050,Z Boson,-3.552713678800501e-15,-8.326672684688674e-17,-3.552713678800501e-15,87.90871180646252,87.9087142944336,23
6050,Muon+,-37.98362705632157,21.748005719470356,4.0302262526832955,43.95435647246862,0.1056599989533424,-13
6050,Muon-,37.98362822212947,-21.748007025019657,-4.030226976443848,43.95435942278665,0.1056599989533424,13
6050,Photon,38.030587364828094,-3.701136149623948,-23.610269518165225,44.91624192586566,0.0,22
6090,Higgs,26.893148880754186,43.013081582340774,9.858185351209864,135.26104562049753,125.0,25
6090,Z Boson,0.0,-1.3322676295501878e-15,-8.881784197001252e-16,83.5836760927464,83.58367919921875,23
6090,Muon+,13.060250702219353,-37.3413206488289,-13.475983963124529,41.79183672371503,0.1056599989533424,-13
6090,Muon-,-13.060251680980935,37.34132060870415,13.475983477091166,41.79183912624693,0.1056599989533424,13
6090,Photon,26.893148880754186,43.013081582340774,9.858185351209855,51.67736952775114,0.0,22
6259,Higgs,0.9481317512451427,15.41504319353381,40.69912197401545,132.3629141411295,125.0,25
6259,Z Boson,-1.1102230246251565e-16,4.440892098500626e-16,3.552713678800501e-15,88.83199259620233,88.83199310302734,23
6259,Muon+,16.077802520528202,35.912118118677064,20.605672248368506,44.41599948247593,0.1056599989533424,-13
6259,Muon-,-16.07780177402994,-35.91211761072567,-20.605668999915903,44.41599777956655,0.1056599989533424,13
6259,Photon,0.9481317367778004,15.415042958318917,40.69912135299612,43.530919525229365,0.0,22
6266,Higgs,-4.68562984960381,37.62242943044813,4.7275191081201395,130.7086522011997,125.0,25
6266,Z Boson,0.0,4.15639744844043e-15,0.0,92.50195609678454,92.501953125,23
6266,Muon+,-22.912935338594057,-39.71849062536137,6.04817959835875,46.250978164735464,0.1056599989533424,-13
6266,Muon-,22.912935720335707,39.71848947457434,-6.048179981381698,46.250973925183395,0.1056599989533424,13
6266,Photon,-4.685629992597886,37.62243057859356,4.727519252392564,38.20670009332668,0.0,22
6320,Higgs,28.38783649462861,31.144251902884626,1.3058571187882393,131.91868309777348,125.0,25
6320,Z Boson,3.552713678800501e-15,-2.1094237467877974e-15,0.0,89.75781365014805,89.7578125,23
6320,Muon+,-5.140869126310411,-42.23314966421969,-14.284179228551775,44.878904925423335,0.1056599989533424,-13
6320,Muon-,5.140869318340222,42.233147705978,14.284179345627152,44.87890830489202,0.1056599989533424,13
6320,Photon,28.387836494628605,31.14425190288463,1.3058571187882293,42.16086944762543,0.0,22
6375,Higgs,29.301266298802435,11.484417612916955,25.20951122022022,131.342969018458,125.0,25
6375,Z Boson,0.0,1.8318679906315083e-15,0.0,91.01958464393992,91.01958465576172,23
6375,Electron+,34.146506122439746,-24.668651403986022,-17.22250914415561,45.50979338690044,0.0005109999910928,-11
6375,Electron-,-34.1465061004551,24.668651412602745,17.222510116744537,45.50979144937277,0.0005109999910928,11
6375,Photon,29.30126674590428,11.48441778815526,25.209511604886828,40.32338637865278,0.0,22
6465,Higgs,31.916403319796455,8.050996774177213,23.61781276043444,131.40120406418148,125.0,25
6465,Z Boson,0.0,8.881784197001252e-16,0.0,90.88853177363421,90.88853454589844,23
6465,Muon+,-32.506335160290575,9.074378223411433,-30.4329461663962,45.44426852617588,0.1056599989533424,-13
6465,Muon-,32.50633412529517,-9.074377526520871,30.432944904580054,45.44426644083207,0.1056599989533424,13
6465,Photon,31.916402345785123,8.05099652848029,23.617812039675986,40.51266828050077,0.0,22
6555,Higgs,-42.42419178964715,-7.50435386786489,-3.040479687051118,132.25116972150482,125.0,25
6555,Z Boson,-3.552713678800501e-15,2.7755575615628914e-16,-4.440892098500626e-16,89.06121614659553,89.06121826171875,23
6555,Electron+,-3.8365446821060214,-27.478880838524532,-34.83055185881299,44.53060932263855,0.0005109999910928,-11
6555,Electron-,3.836544389692566,27.478880618105872,34.83055057741481,44.530610565267764,0.0005109999910928,11
6555,Photon,-42.42419114230535,-7.504353753357537,-3.0404796406570895,43.1899515569166,0.0,22
6594,Higgs,-36.12276401543009,-11.806855251103679,-10.034117937865265,131.03411553418428,125.0,25
6594,Z Boson,-3.552713678800501e-15,-3.885780586188048e-16,-8.881784197001252e-16,91.72839699655425,91.72840118408205,23
6594,Electron+,-4.657243871347886,-45.322710558219235,5.261813863431389,45.86420091850072,0.0005109999910928,-11
6594,Electron-,4.657242783027584,45.322711156172154,-5.2618140465338,45.86419997724895,0.0005109999910928,11
6594,Photon,-36.12276346424045,-11.806855070945366,-10.034117784756786,39.30571653820812,0.0,22
6626,Higgs,13.887280106865054,-10.00459344373464,-38.35557991328644,131.86773278260853,125.0,25
6626,Z Boson,-1.7763568394002505e-15,7.216449660063518e-16,3.552713678800501e-15,89.86655721664243,89.8665542602539,23
6626,Electron+,7.215225853515824,-32.05187074497142,30.65318080919193,44.93327823947379,0.0005109999910928,-11
6626,Electron-,-7.215226149143379,32.05186913647712,-30.65317966344506,44.93327511878674,0.0005109999910928,11
6626,Photon,13.88728053067121,-10.004593749050603,-38.35558108380586,42.001179590249926,0.0,22
6718,Higgs,-21.115575564890186,24.2084561283021,5.691019293618651,129.18709138359316,125.0,25
6718,Z Boson,7.105427357601002e-15,1.1102230246251565e-16,8.881784197001252e-16,96.56340751094223,96.56340789794922,23
6718,Muon+,-47.743619474865966,0.5530207854767745,7.166104943545254,48.28170534813786,0.1056599989533424,-13
6718,Muon-,47.74361882279832,-0.5530195610610624,-7.1661047678015395,48.28170619762949,0.1056599989533424,13
6718,Photon,-21.115574920493962,24.208455389518644,5.691019119942514,32.62367993017376,0.0,22
6778,Higgs,30.713153677844467,-17.66760547748748,-14.391775521618227,130.71941437602788,125.0,25
6778,Z Boson,0.0,1.4432899320127035e-15,1.7763568394002505e-15,92.47591173632777,92.47591400146484,23
6778,Muon+,39.34855670398257,-0.9088495372778382,-24.265256983253572,46.23795798711206,0.1056599989533424,-13
6778,Muon-,-39.34855380305625,0.9088489657266776,24.265256517676274,46.23795820710119,0.1056599989533424,13
6778,Photon,30.7131527405534,-17.66760493831495,-14.391775082416105,38.24349865046017,0.0,22
6789,Higgs,21.638040631708492,-5.41517249545211,-29.78095646518946,130.42022183509917,125.0,25
6789,Z Boson,-3.552713678800501e-15,9.159339953157541e-16,3.552713678800501e-15,93.21223384461076,93.21223449707033,23
6789,Muon+,-39.53352936652513,0.14814971644257363,-24.681920435267816,46.60612004782573,0.1056599989533424,-13
6789,Muon-,39.533532001556395,-0.14815013697223242,24.681917526392063,46.6061185718146,0.1056599989533424,13
6789,Photon,21.6380399713679,-5.41517233019416,-29.780955556346804,37.20798401037908,0.0,22
6797,Higgs,16.60917371162488,42.39958283360199,5.457714943760845,133.14794751799127,125.0,25
6797,Z Boson,1.7763568394002505e-15,-3.7192471324942744e-15,8.881784197001252e-16,87.28537202553984,87.28536987304688,23
6797,Muon+,-3.4403126500348407,-35.36931915626477,25.33472551914662,43.6426844181854,0.1056599989533424,-13
6797,Muon-,3.4403131519741432,35.36931991043285,-25.334723760236493,43.642684400963915,0.1056599989533424,13
6797,Photon,16.609173711624877,42.399582833602,5.457714943760834,45.86257549245144,0.0,22
6848,Higgs,8.52484161974602,31.45435929891076,-26.444472641711457,131.85734631352534,125.0,25
6848,Z Boson,-8.881784197001252e-16,-2.55351295663786e-15,-3.552713678800501e-15,89.88878839293234,89.8887939453125,23
6848,Electron+,-28.024478025420787,33.867485270404444,9.360597897726029,44.944393890730304,0.0005109999910928,-11
6848,Electron-,28.02447707419142,-33.86748526138325,-9.360598560961472,44.944394575869445,0.0005109999910928,11
6848,Photon,8.52484148966726,31.45435881895533,-26.444472238200838,41.96855590860956,0.0,22
6911,Higgs,2.110752225373226,5.473159618522325,-38.64790245071951,130.96973358378293,125.0,25
6911,Z Boson,0.0,3.3306690738754696e-16,0.0,91.8791817257286,91.87918090820312,23
6911,Muon+,1.2311501297886671,36.7173806685629,-27.581755595729206,45.939592360906715,0.1056599989533424,-13
6911,Muon-,-1.2311501861701273,-36.717378121465174,27.5817553990251,45.939593169220124,0.1056599989533424,13
6911,Photon,2.1107521931657036,5.473159535008537,-38.64790186099933,39.09054985961479,0.0,22
7002,Higgs,36.72027031252871,-5.795662572889079,-13.258095640093801,131.08297012383355,125.0,25
7002,Z Boson,3.552713678800501e-15,2.7755575615628914e-16,1.7763568394002505e-15,91.61469028500589,91.61469268798828,23
7002,Electron+,-34.804709375059026,-27.388561468075793,11.696659745551358,45.807344129394735,0.0005109999910928,-11
7002,Electron-,34.804709368718605,27.388562422750834,-11.696659743262105,45.807346111393755,0.0005109999910928,11
7002,Photon,36.720269752221846,-5.795662484454286,-13.258095437791326,39.46827783866026,0.0,22
7019,Higgs,33.95926569046557,14.5982133142197,-16.15701453942686,131.34834858889678,125.0,25
7019,Z Boson,-3.552713678800501e-15,-1.3877787807814457e-15,-1.7763568394002505e-15,91.00744170634874,91.0074462890625,23
7019,Muon+,32.80719026328935,11.964710608401095,-29.173814838889257,45.50372064370506,0.1056599989533424,-13
7019,Muon-,-32.80719031965566,-11.96471110946868,29.173817726729965,45.50372063715121,0.1056599989533424,13
7019,Photon,33.9592651722883,14.598213091468645,-16.157014292890395,40.340904878331294,0.0,22
7107,Higgs,6.102512012793771,33.78041491299798,17.864967735302525,130.85302501946217,125.0,25
7107,Z Boson,0.0,1.1657341758564144e-15,0.0,92.1552997483918,92.1552963256836,23
7107,Electron+,-29.815568785171877,26.007996406137718,23.6170635291059,46.07764835464513,0.0005109999910928,-11
7107,Electron-,29.815568130943678,-26.007996434410348,-23.617063094739898,46.07764777117301,0.0005109999910928,11
7107,Photon,6.102512199027658,33.78041594389443,17.86496828049806,38.697729264387796,0.0,22
7128,Higgs,-5.6944191843899725,-34.39944846186734,-7.270628213988512,129.9754226727279,125.0,25
7128,Z Boson,0.0,5.551115123125783e-17,1.7763568394002505e-15,94.35786258202782,94.3578643798828,23
7128,Muon+,-39.20895013175727,24.896593666464707,8.286024158720503,47.17893374995079,0.1056599989533424,-13
7128,Muon-,39.20895186202468,-24.896595689869933,-8.28602390798045,47.17893294643394,0.1056599989533424,13
7128,Photon,-5.694419097500031,-34.39944793697341,-7.270628103047541,35.6175581074325,0.0,22
7141,Higgs,-28.04193748465795,-16.749154222970454,28.762526147029792,132.35999144543976,125.0,25
7141,Z Boson,0.0,6.661338147750939e-16,3.552713678800501e-15,88.83796019859615,88.83795928955078,23
7141,Muon+,24.97557016381231,32.526857484699406,17.06630794431054,44.418979945580034,0.1056599989533424,-13
7141,Muon-,-24.975570322859625,-32.526857963751375,-17.066307805682612,44.418976774879305,0.1056599989533424,13
7141,Photon,-28.04193791254396,-16.74915447854227,28.762526585911104,43.52203326649679,0.0,22
7210,Higgs,-0.36517929516489184,38.55645702470653,15.77629397355044,131.7597252037038,125.0,25
7210,Z Boson,5.551115123125783e-17,-1.304512053934559e-15,-3.552713678800501e-15,90.09888742158245,90.09889221191406,23
7210,Muon+,-23.58136797957591,34.604883575689364,16.60910735158133,45.04944446986932,0.1056599989533424,-13
7210,Muon-,23.581367908826625,-34.604882399013526,-16.609106870116342,45.04944697287493,0.1056599989533424,13
7210,Photon,-0.3651792840205043,38.55645584805685,15.776293492096148,41.66083376113366,0.0,22
7280,Higgs,7.797743964594701,-8.270142472242755,27.469285907644466,128.48642627034374,125.0,25
7280,Z Boson,0.0,3.608224830031759e-16,-3.552713678800501e-15,98.75829403803512,98.75829315185548,23
7280,Muon+,9.225667663174258,-7.407858616033938,47.94058616711325,49.379147209448526,0.1056599989533424,-13
7280,Muon-,-9.2256676750976,7.407858151842454,-47.94058811646451,49.37914644098664,0.1056599989533424,13
7280,Photon,7.7977438456105705,-8.270142346050395,27.46928548849642,29.728130271761344,0.0,22
7290,Higgs,-33.63349856606487,-9.932615886747206,-19.54803646680007,131.28973613293044,125.0,25
7290,Z Boson,-3.552713678800501e-15,-1.5543122344752192e-15,-3.552713678800501e-15,91.1400824043079,91.14008331298828,23
7290,Muon+,-26.628254723232544,-2.5420598247234234,-36.89297224273247,45.57004026125188,0.1056599989533424,-13
7290,Muon-,26.628252766241932,2.542059631249262,36.89297316755451,45.570042521331516,0.1056599989533424,13
7290,Photon,-33.63349907927133,-9.932616038306893,-19.548036765079445,40.149655731944925,0.0,22
7374,Higgs,-0.35962145978545906,-24.391873033218523,-31.78376902704844,131.26424026073423,125.0,25
7374,Z Boson,0.0,-5.218048215738236e-15,0.0,91.19803460508025,91.19803619384766,23
7374,Muon+,0.2273907524655498,16.67204263868632,-42.44114319780333,45.59901696203961,0.1056599989533424,-13
7374,Muon-,-0.22739074556494937,-16.672042199152404,42.44114124184679,45.59901803495343,0.1056599989533424,13
7374,Photon,-0.359621454298071,-24.391872661028074,-31.78376854206662,40.066203652720596,0.0,22
7376,Higgs,-38.030003553728804,-10.174437153486995,13.587587872230026,131.7551626535843,125.0,25
7376,Z Boson,-7.105427357601002e-15,-2.220446049250313e-16,1.7763568394002505e-15,90.10876072597964,90.10875701904295,23
7376,Electron+,-6.548080339479946,30.028195607224877,32.94430358239903,45.054380562219656,0.0005109999910928,-11
7376,Electron-,6.548079823908482,-30.028197048099223,-32.9443035685598,45.05438042527014,0.0005109999910928,11
7376,Photon,-38.0300041340206,-10.174437308736584,13.587588079560152,41.6464039380289,0.0,22
7406,Higgs,-18.174850314455888,-111.01271006752192,1.7091032243819415,168.1727326718578,125.0,25
7406,Z Boson,1.7763568394002505e-15,1.0658141036401503e-14,-1.1102230246251565e-16,55.669097828827894,55.66909408569336,23
7406,Electron+,-11.800244753873482,-2.7388917137058617,25.06022088077893,27.834546729131336,0.0005109999910928,-11
7406,Electron-,11.80024637606133,2.7388977043617744,-25.060221241666977,27.83454413081461,0.0005109999910928,11
7406,Photon,-18.174850869108305,-111.01271345536098,1.7091032765396226,112.50363997525442,0.0,22
7523,Higgs,-31.749190857578583,-19.986419440830225,-16.44917281873373,131.5410330223855,125.0,25
7523,Z Boson,0.0,-1.5543122344752192e-15,0.0,90.57710602236743,90.5771026611328,23
7523,Muon+,-30.13977935728515,-15.686187099416259,-29.942927882363623,45.28855154133658,0.1056599989533424,-13
7523,Muon-,30.139779369476646,15.686186153416594,29.942929796028626,45.2885543825207,0.1056599989533424,13
7523,Photon,-31.749191342032784,-19.98641974579878,-16.449173069728193,40.96392900717493,0.0,22
7591,Higgs,-24.36959908597498,8.671156947530033,-29.100050301057287,130.92318072039006,125.0,25
7591,Z Boson,0.0,-6.106226635438361e-16,7.105427357601002e-15,91.98888955964159,91.98888397216795,23
7591,Muon+,-41.81923087738281,4.024511165364874,-18.719853531345464,45.99444321546592,0.1056599989533424,-13
7591,Muon-,41.81922965797342,-4.024511529355753,18.719853399148207,45.99444293431418,0.1056599989533424,13
7591,Photon,-24.36959982967612,8.671157212152742,-29.100051189120357,38.934295156206844,0.0,22
7624,Higgs,32.919146650535986,-19.194955810871633,9.917040179401557,131.0551953594388,125.0,25
7624,Z Boson,-3.552713678800501e-15,-6.661338147750939e-16,-8.881784197001252e-16,91.67925945792464,91.67926025390624,23
7624,Muon+,-10.436774693024773,37.70875362075281,-23.88271645379476,45.83963061597922,0.1056599989533424,-13
7624,Muon-,10.436775671867741,-37.70875460648036,23.882716947192172,45.839629269526455,0.1056599989533424,13
7624,Photon,32.91914614822967,-19.19495551797985,9.917040028079523,39.3759339017706,0.0,22
7631,Higgs,-16.45967201482709,-36.22323772514687,-17.439421277569917,132.33358292068095,125.0,25
7631,Z Boson,0.0,4.6629367034256575e-15,3.552713678800501e-15,88.89193068326827,88.89192962646484,23
7631,Electron+,-24.608615382392045,17.317797068676633,-32.710148322525185,44.44596353214729,0.0005109999910928,-11
7631,Electron-,24.608616838225608,-17.31779548672429,32.710146947226434,44.445963114967,0.0005109999910928,11
7631,Photon,-16.459672014827085,-36.22323772514687,-17.439421277569927,43.44165223741265,0.0,22
7640,Higgs,41.3370991788425,-50.84457114638729,-48.204518583243775,149.13953800191211,125.0,25
7640,Z Boson,-7.105427357601002e-15,1.7763568394002505e-15,7.105427357601002e-15,67.79089610013567,67.7908935546875,23
7640,Muon+,22.047825738640828,-11.652208855895045,22.95668649459117,33.89544473802068,0.1056599989533424,-13
7640,Muon-,-22.04782598429621,11.652210092650229,-22.956685096014297,33.89544722309284,0.1056599989533424,13
7640,Photon,41.33710044035065,-50.844572698040466,-48.20452005432895,81.34864645315396,0.0,22
7688,Higgs,-18.926421821648006,-35.130767119319735,-0.3219222472190783,131.21541020511305,125.0,25
7688,Z Boson,-1.7763568394002505e-15,-1.609823385706477e-15,0.0,91.30947147301589,91.3094711303711,23
7688,Muon+,21.43433166197322,-38.9620462002606,10.337897409219151,45.654734539788144,0.1056599989533424,-13
7688,Muon-,-21.434330657918387,38.962048201124325,-10.337896797414615,45.65473625120422,0.1056599989533424,13
7688,Photon,-18.926421532853727,-35.13076658326677,-0.3219222423069446,39.905936729908895,0.0,22
7742,Higgs,-13.610450194926111,31.232749894929032,-21.84903529505776,131.3891523826546,125.0,25
7742,Z Boson,0.0,2.220446049250313e-16,3.552713678800501e-15,90.91558793190093,90.91558837890624,23
7742,Electron+,9.64903213957871,-24.631770419550516,36.96732631509274,45.45779302427971,0.0005109999910928,-11
7742,Electron-,-9.649032138330636,24.631772324035104,-36.96732345206624,45.45779488411042,0.0005109999910928,11
7742,Photon,-13.610450194926113,31.232749894929036,-21.849035295057774,40.4735644507537,0.0,22
7807,Higgs,19.093975713789124,29.29943761927806,19.230375373703435,131.21678356970298,125.0,25
7807,Z Boson,0.0,1.6653345369377348e-15,-3.552713678800501e-15,91.30632814673655,91.30633544921876,23
7807,Muon+,35.064278448470716,-13.438758397156603,-25.96336983491757,45.65316415687438,0.1056599989533424,-13
7807,Muon-,-35.064278437537034,13.438758413934197,25.963370799603677,45.65316413657828,0.1056599989533424,13
7807,Photon,19.093975131087227,29.299436725130185,19.230374786838944,39.910451418547986,0.0,22
7850,Higgs,15.480038452679405,33.215960765088724,-15.614419590271481,131.19352780981765,125.0,25
7850,Z Boson,0.0,-3.608224830031759e-15,1.7763568394002505e-15,91.35960093025243,91.35960388183594,23
7850,Electron+,-31.48176219305154,32.0345522604382,-8.326489019442864,45.6798011132356,0.0005109999910928,-11
7850,Electron-,31.481760302055164,-32.034550318002054,8.326489002948659,45.67980008764552,0.0005109999910928,11
7850,Photon,15.480038452679409,33.21596076508874,-15.614419590271496,39.833926879565254,0.0,22
7882,Higgs,-19.155136582464962,20.826083905416073,31.620641409275,132.00571954071637,125.0,25
7882,Z Boson,-1.7763568394002505e-15,-1.5543122344752192e-15,-1.0658141036401503e-14,89.573302380847,89.57330322265625,23
7882,Electron+,17.697941011429382,-39.326897883273475,-12.08396030726258,44.786651962304134,0.0005109999910928,-11
7882,Electron-,-17.69794203114676,39.32689986242625,12.083962085214239,44.78665130464691,0.0005109999910928,11
7882,Photon,-19.15513629018077,20.826083587635253,31.620640926782297,42.432415145621945,0.0,22
7898,Higgs,-8.020018316162169,-5.26269371738069,40.265194659240194,131.67498828517523,125.0,25
7898,Z Boson,8.881784197001252e-16,7.216449660063518e-16,-3.552713678800501e-15,90.28292695616378,90.28292846679688,23
7898,Electron+,-38.741661945820304,22.445532158315473,-5.747497172170334,45.14146442815069,0.0005109999910928,-11
7898,Electron-,38.74166027854274,-22.44553136000582,5.747497407200635,45.141466290846424,0.0005109999910928,11
7898,Photon,-8.0200181937864,-5.262693637078357,40.265194044842076,41.39205931981059,0.0,22
7907,Higgs,34.384844985197326,-15.102696889300429,-14.798952378443442,131.3560733635319,125.0,25
7907,Z Boson,0.0,7.771561172376096e-16,-1.7763568394002505e-15,90.9900232601926,90.99002075195312,23
7907,Electron+,31.730594183482694,-18.54972759324798,-26.811807339026366,45.49501145398761,0.0005109999910928,-11
7907,Electron-,-31.730594198626832,18.54972759989967,26.811808299218594,45.49501169329795,0.0005109999910928,11
7907,Photon,34.384844985197326,-15.102696889300429,-14.798952378443452,40.36605010333928,0.0,22
7954,Higgs,-27.958829533541486,-24.565724234725437,13.628355353683332,131.13314998774518,125.0,25
7954,Z Boson,0.0,-2.220446049250313e-15,0.0,91.49852904988882,91.49853515625,23
7954,Electron+,-6.461416575569939,26.665067747117288,-36.609008109828935,45.74926590049393,0.0005109999910928,-11
7954,Electron-,6.461415192937986,-26.66507045033276,36.60900855135289,45.74926763275869,0.0005109999910928,11
7954,Photon,-27.95882868030573,-24.56572348503903,13.628354937778923,39.63461693599024,0.0,22
8010,Higgs,-15.402942844911609,-10.666536571501306,34.94278845396992,131.13742454255262,125.0,25
8010,Z Boson,-1.7763568394002505e-15,-9.992007221626409e-16,3.552713678800501e-15,91.48866694237029,91.48866271972656,23
8010,Muon+,-29.678932955131685,-34.747237713722114,2.079210899784707,45.744331699383324,0.1056599989533424,-13
8010,Muon-,29.678933401819876,34.74723659254218,-2.079210959457722,45.744331629651484,0.1056599989533424,13
8010,Photon,-15.402943079941865,-10.666536734259736,34.94278898715455,39.64875960118066,0.0,22
8044,Higgs,5.754248360324792,-13.014278728735091,-36.54499877404562,131.00770878240908,125.0,25
8044,Z Boson,8.881784197001252e-16,-7.771561172376096e-16,-3.552713678800501e-15,91.79011219771448,91.79011535644533,23
8044,Muon+,-25.121107681297858,-27.290550270455768,-27.02778248668877,45.89505807753571,0.1056599989533424,-13
8044,Muon-,25.121106917008078,27.290548888453895,27.027779376566624,45.89505873123882,0.1056599989533424,13
8044,Photon,5.754248272521928,-13.014278530152957,-36.54499821641319,39.21759458567561,0.0,22
8112,Higgs,-21.259728559211176,-14.698964962811338,27.796427624898996,130.6356651841125,125.0,25
8112,Z Boson,-3.552713678800501e-15,1.3322676295501878e-15,3.552713678800501e-15,92.67941373528568,92.67941284179688,23
8112,Electron+,-30.127308310072184,-35.207996340324776,0.3327094683372245,46.339705618277584,0.0005109999910928,-11
8112,Electron-,30.12730736987173,35.20799730331491,-0.3327104396281957,46.33970795499283,0.0005109999910928,11
8112,Photon,-21.259728559211176,-14.69896496281134,27.796427624898985,37.95625144882682,0.0,22
8134,Higgs,-14.355561088566354,-30.49505639553555,26.433359212835672,132.13535892413225,125.0,25
8134,Z Boson,0.0,-6.661338147750939e-16,-3.552713678800501e-15,89.30134117815524,89.30133819580078,23
8134,Muon+,-25.677988759033163,2.142479074926528,-36.46535074803952,44.65067186236965,0.1056599989533424,-13
8134,Muon-,25.677989683314962,-2.1424800910384088,36.465352709509524,44.65066984226122,0.1056599989533424,13
8134,Photon,-14.355561088566356,-30.49505639553555,26.43335921283567,42.83401774597702,0.0,22
8162,Higgs,-16.091424357019175,-37.44687767703214,12.609387029455311,132.08027569192484,125.0,25
8162,Z Boson,0.0,-6.661338147750939e-15,0.0,89.41648478027588,89.4164810180664,23
8162,Electron+,-23.029627508948604,-37.99692562800897,4.969566329006575,44.70824070959512,0.0005109999910928,-11
8162,Electron-,23.029628959873232,37.996926785176356,-4.969566480237881,44.708239941193305,0.0005109999910928,11
8162,Photon,-16.091424848090476,-37.44687881982016,12.609387414263255,42.6637949424191,0.0,22
8187,Higgs,17.4646825436495,12.462133317616162,-33.85361538152009,131.26837843736925,125.0,25
8187,Z Boson,1.7763568394002505e-15,-1.9984014443252818e-15,3.552713678800501e-15,91.18862106256955,91.1886215209961,23
8187,Muon+,-24.478164964744597,38.45615653390852,-0.8794095681068104,45.59430809997954,0.1056599989533424,-13
8187,Muon-,24.47816444472398,-38.456154997626825,0.8794105761169977,45.59430914675409,0.1056599989533424,13
8187,Photon,17.464683076629314,12.462133697930291,-33.85361641465045,40.07976138079268,0.0,22
8203,Higgs,-8.483726407778788,19.720908395227372,-31.35016188319101,130.64731337382057,125.0,25
8203,Z Boson,8.881784197001252e-16,2.3869795029440866e-15,-7.105427357601002e-15,92.65098914882282,92.65099334716795,23
8203,Muon+,-9.21888989986659,30.778285593307164,-33.37289039414346,46.32549704354474,0.1056599989533424,-13
8203,Muon-,9.218889625984778,-30.77828209563024,33.37288938205998,46.32549654369343,0.1056599989533424,13
8203,Photon,-8.483726148876004,19.72090779339301,-31.350160926460003,37.996320237958166,0.0,22
8207,Higgs,-24.81040883545662,-16.45406955134788,37.41803322711331,133.83348610108177,125.0,25
8207,Z Boson,-3.552713678800501e-15,-6.661338147750939e-16,-7.105427357601002e-15,86.01715178887551,86.01715087890625,23
8207,Electron+,18.153646183571546,-17.630069824090842,-34.77590160982926,43.00857580693945,0.0005109999910928,-11
8207,Electron-,-18.15364807247993,17.630069836320274,34.77589967466981,43.008575789558975,0.0005109999910928,11
8207,Photon,-24.810409592610206,-16.454070053486234,37.41803436902106,47.81633839648015,0.0,22
8264,Higgs,30.9338845147845,-19.57095860346556,21.89996032774938,132.07776457144323,125.0,25
8264,Z Boson,3.552713678800501e-15,2.220446049250313e-15,0.0,89.42174453771173,89.42174530029297,23
8264,Electron+,36.7713107775167,16.858736105238858,19.045104425545844,44.710874178297686,0.0005109999910928,-11
8264,Electron-,-36.77130985145633,-16.858735737455692,-19.045103769931917,44.71087424079296,0.0005109999910928,11
8264,Photon,30.933884042770877,-19.570958304836434,21.899959993582495,42.65601801838474,0.0,22
8289,Higgs,1.4438252964407452,-23.29252334292733,-32.32235509037083,131.20350953292171,125.0,25
8289,Z Boson,0.0,2.220446049250313e-16,0.0,91.33671754587013,91.33672332763672,23
8289,Muon+,33.91081637346597,24.052760466150772,-18.89733346699537,45.66836113719392,0.1056599989533424,-13
8289,Muon-,-33.91081489988243,-24.05276211468571,18.89733393326904,45.66836023702069,0.1056599989533424,13
8289,Photon,1.4438252523786936,-23.292522632095924,-32.32235410397083,39.8667879830382,0.0,22
8527,Higgs,26.184384810220365,4.478374835689414,-15.935329091081242,128.78125858330355,125.0,25
8527,Z Boson,0.0,-4.163336342344337e-16,0.0,97.80364760477295,97.80364227294922,23
8527,Muon+,-24.859851574725795,-17.835536819140877,-38.14785002631942,48.90182126320889,0.1056599989533424,-13
8527,Muon-,24.85985173738394,17.835536683851583,38.147851461391454,48.90182248966606,0.1056599989533424,13
8527,Photon,26.184385609304368,4.478374972358568,-15.9353295773889,30.97761490862269,0.0,22
8567,Higgs,-25.998411375846352,20.968050658253144,18.72107800702103,130.73276293347348,125.0,25
8567,Z Boson,-3.552713678800501e-15,-8.881784197001252e-16,1.7763568394002505e-15,92.44365846245111,92.44366455078124,23
8567,Electron+,1.7370400204424374,-39.58172107838742,-23.806045878743245,46.221831505311144,0.0005109999910928,-11
8567,Electron-,-1.7370402944047587,39.58171977656816,23.806046419383037,46.22183052766413,0.0005109999910928,11
8567,Photon,-25.9984105824378,20.968050018359023,18.72107743569906,38.289100481375044,0.0,22
8592,Higgs,9.544937959233962,-24.3630652425449,-1.8859441958683596,127.72322253281921,125.0,25
8592,Z Boson,-8.881784197001252e-16,5.43315392675936e-15,-2.220446049250313e-16,101.48924165924917,101.48924255371094,23
8592,Muon+,-7.860651646420858,-19.43810929582207,46.21012362735666,50.7446207835685,0.1056599989533424,-13
8592,Muon-,7.860651872097977,19.43811123569276,-46.21012469772274,50.74462053832252,0.1056599989533424,13
8592,Photon,9.544937667945574,-24.36306449904316,-1.88594413831392,26.233976975766602,0.0,22
8613,Higgs,28.509765387855143,-20.707054731577106,2.2776192160290547,129.891402284448,125.0,25
8613,Z Boson,3.552713678800501e-15,2.275957200481571e-15,2.220446049250313e-16,94.58167953225814,94.58168029785156,23
8613,Muon+,-4.568086490216938,-22.658903140173067,-41.2567472062981,47.29084257960752,0.1056599989533424,-13
8613,Muon-,4.5680863798332245,22.658902527678915,41.256746081574924,47.29084067738833,0.1056599989533424,13
8613,Photon,28.509764952830643,-20.707054415612525,2.2776191812753326,35.309720770204336,0.0,22
8698,Higgs,27.18404999601458,-5.686799025064085,-25.584230477320794,130.5789611938078,125.0,25
8698,Z Boson,-3.552713678800501e-15,0.0,0.0,92.81832916566361,92.81832885742188,23
8698,Electron+,-9.376644956788736,-41.754219320053494,17.957577112016175,46.40916491192017,0.0005109999910928,-11
8698,Electron-,9.376645155785388,41.75421915373353,-17.95757690659556,46.40916791388124,0.0005109999910928,11
8698,Photon,27.18404916642321,-5.686798851516751,-25.58422969655205,37.760628043190536,0.0,22
8886,Higgs,34.913303722062714,16.044062363064555,-12.30781225059225,131.35003980317148,125.0,25
8886,Z Boson,0.0,-4.440892098500626e-16,0.0,91.00362708599202,91.00362396240234,23
8886,Muon+,-41.0602399262044,16.779643872577825,10.144170872266375,45.5018128279523,0.1056599989533424,-13
8886,Muon-,41.06023793602393,-16.779644864316698,-10.144171319903242,45.50181364984909,0.1056599989533424,13
8886,Photon,34.913303722062714,16.04406236306456,-12.30781225059226,40.34641271717945,0.0,22
8995,Higgs,10.013737891954026,-9.272694387106538,-46.380214350062644,134.02381165644852,125.0,25
8995,Z Boson,-2.6645352591003757e-15,3.3306690738754696e-16,-7.105427357601002e-15,85.67733038728085,85.67733001708984,23
8995,Muon+,-10.76317810951063,-8.721371346084675,-40.53679664587999,42.838666238622395,0.1056599989533424,-13
8995,Muon-,10.763178587824557,8.721371344717191,40.53679663904008,42.838664186857855,0.1056599989533424,13
8995,Photon,10.013737586359,-9.272694104126362,-46.38021293465083,48.34647717908552,0.0,22
9014,Higgs,-11.85277216056183,-0.6844250667815843,32.72461490652286,129.7569152929525,125.0,25
9014,Z Boson,-3.552713678800501e-15,-5.898059818321144e-17,3.552713678800501e-15,94.94518017292141,94.94517517089844,23
9014,Muon+,19.074463006357657,2.5497876489815496,-43.39699343945664,47.47258940886147,0.1056599989533424,-13
9014,Muon-,-19.074462621407648,-2.5497876267530417,43.39699046928992,47.47258630485517,0.1056599989533424,13
9014,Photon,-11.852772522279729,-0.6844250876685797,32.72461590519884,34.811739079897876,0.0,22
9073,Higgs,7.8138174041382324,-2.455757611359452,40.071264860804426,131.5210734270965,125.0,25
9073,Z Boson,1.7763568394002505e-15,-2.0816681711721685e-16,-3.552713678800501e-15,90.62128490057468,90.62128448486328,23
9073,Muon+,-2.6005160949910757,21.771971193174462,-39.65175323571043,45.310642338259896,0.1056599989533424,-13
9073,Muon-,2.600516263838701,-21.77197274912936,39.651755244783246,45.31064321351447,0.1056599989533424,13
9073,Photon,7.813817523367623,-2.4557576488313395,40.0712654722434,40.89979053337414,0.0,22
9194,Higgs,-36.260070776538605,-0.9417257331326202,16.053347503894813,131.14263054459767,125.0,25
9194,Z Boson,7.105427357601002e-15,9.020562075079397e-17,0.0,91.47665770484653,91.47665405273438,23
9194,Muon+,43.53341439412638,-4.819243944144028,13.175746642786578,45.73832627590927,0.1056599989533424,-13
9194,Muon-,-43.53341131909509,4.819244093679701,-13.175746206078035,45.738326995076214,0.1056599989533424,13
9194,Photon,-36.260071883108154,-0.9417257618718091,16.053347993804092,39.66597684190663,0.0,22
9407,Higgs,-36.98973949433384,13.341944165491743,10.823397379681772,131.48533847091957,125.0,25
9407,Z Boson,0.0,-9.992007221626409e-16,-1.7763568394002505e-15,90.70060937724962,90.70060729980467,23
9407,Muon+,33.013513791938195,-25.4357169681816,17.882149795855263,45.35030193167596,0.1056599989533424,-13
9407,Muon-,-33.01351065967304,25.435715572688345,-17.882150154272445,45.35030276674998,0.1056599989533424,13
9407,Photon,-36.989740058752474,13.341944369073657,10.823397544833702,40.78473109997699,0.0,22
9500,Higgs,-34.45000274449593,-26.35415532848995,20.291842182875172,133.85851878512875,125.0,25
9500,Z Boson,0.0,-3.3306690738754696e-16,3.552713678800501e-15,85.97216177300155,85.97216033935547,23
9500,Muon+,-12.533016745353152,-40.46678398698967,7.290736340708734,42.98608327585848,0.1056599989533424,-13
9500,Muon-,12.53301679228618,40.4667871080324,-7.2907359258265885,42.9860814957314,0.1056599989533424,13
9500,Photon,-34.45000274449593,-26.35415532848995,20.291842182875158,47.886357012127206,0.0,22
9552,Higgs,-19.867168449027698,30.523562029515876,4.457388160168736,130.27379065016171,125.0,25
9552,Z Boson,-1.7763568394002505e-15,3.608224830031759e-15,0.0,93.58236906449882,93.58236694335938,23
9552,Muon+,13.280862621213831,41.074511317457414,18.052894390986143,46.79118548961907,0.1056599989533424,-13
9552,Muon-,-13.280863136889014,-41.07450935043874,-18.05289557436536,46.79118407391062,0.1056599989533424,13
9552,Photon,-19.86716875217663,30.523562495268468,4.457388228183072,36.69142357348317,0.0,22
9632,Higgs,-7.77058012151841,3.604800333159333,37.01598375015384,130.64669744719356,125.0,25
9632,Z Boson,0.0,2.7755575615628914e-17,0.0,92.65249169473685,92.65249633789062,23
9632,Electron+,-46.02862893978026,4.262306660470618,-3.052764534237067,46.32624720468505,0.0005109999910928,-11
9632,Electron-,46.028628224693826,-4.2623063115273325,3.0527656691628184,46.3262485135906,0.0005109999910928,11
9632,Photon,-7.770579884379124,3.6048002231495575,37.015982620515665,37.994201765435946,0.0,22
9667,Higgs,2.333471262150902,30.207588042018262,30.764241982270732,132.24742737834742,125.0,25
9667,Z Boson,2.220446049250313e-16,-3.9968028886505635e-15,0.0,89.06893574337863,89.06893920898438,23
9667,Muon+,23.238976945890535,13.117054227377583,35.65389962038252,44.53446945355389,0.1056599989533424,-13
9667,Muon-,-23.23897628331202,-13.117053604515629,-35.65390065057927,44.53446980978133,0.1056599989533424,13
9667,Photon,2.3334712265449564,30.20758758108705,30.764241512845643,43.17848961703319,0.0,22
9704,Higgs,16.884927722138798,-7.9750154991005475,78.84455614995785,148.96363882127946,125.0,25
9704,Z Boson,1.7763568394002505e-15,2.220446049250313e-16,-7.105427357601002e-15,67.93792968245307,67.93793487548828,23
9704,Electron+,32.57945497476884,9.310939432559836,-2.403370361778517,33.968965658942864,0.0005109999910928,-11
9704,Electron-,-32.579453937132236,-9.310939949053695,2.403372661191,33.96896538582671,0.0005109999910928,11
9704,Photon,16.884927722138798,-7.9750154991005475,78.84455614995784,81.0257091388264,0.0,22
9772,Higgs,-0.4956009052704235,-38.069414704339565,2.55388449992219,130.69448451341484,125.0,25
9772,Z Boson,-1.1102230246251565e-16,7.946768243449753e-15,-2.220446049250313e-16,92.53628252091637,92.53628540039062,23
9772,Muon+,-23.921913396754984,20.401696325498282,-33.944698318978055,46.26814137457902,0.1056599989533424,-13
9772,Muon-,23.921912918980027,-20.401697828046373,33.94470058878713,46.26814163017372,0.1056599989533424,13
9772,Photon,-0.49560089770815374,-38.0694141234464,2.553884460952995,38.158199998258894,0.0,22
9797,Higgs,23.331219043082303,-28.60538537511759,14.510843203662969,131.14182561248936,125.0,25
9797,Z Boson,3.552713678800501e-15,-1.1102230246251565e-16,-1.7763568394002505e-15,91.47851360799663,91.47850799560548,23
9797,Electron+,-5.443810381680258,-45.34624442824771,-2.482466071630788,45.73925375547993,0.0005109999910928,-11
9797,Electron-,5.443809706904945,45.34624334821153,2.482465413535946,45.739256259192096,0.0005109999910928,11
9797,Photon,23.331219399088454,-28.605385811601135,14.510843425080857,39.66331400555818,0.0,22
9850,Higgs,-22.254621754673682,-26.502056635539653,-16.760654994761854,130.7805289452921,125.0,25
9850,Z Boson,0.0,-3.3306690738754696e-15,1.7763568394002505e-15,92.32865242475533,92.32865142822266,23
9850,Muon+,-44.28369342322506,12.113636044163314,4.832007166403962,46.16432787616409,0.1056599989533424,-13
9850,Muon-,44.28369146747846,-12.113637651519088,-4.832006368388955,46.1643251048467,0.1056599989533424,13
9850,Photon,-22.2546214150951,-26.50205623115036,-16.760654739014566,38.451874524984255,0.0,22
9885,Higgs,16.296148677085224,46.256542204367356,6.271713919249511,134.42308787516745,125.0,25
9885,Z Boson,1.7763568394002505e-15,-6.716849298982197e-15,0.0,84.98053233536963,84.98052978515625,23
9885,Electron+,29.624508413850386,30.267971936714964,3.414810507190939,42.490264997514345,0.0005109999910928,-11
9885,Electron-,-29.624509828316366,-30.267971337321327,-3.4148106845306008,42.49026381707725,0.0005109999910928,11
9885,Photon,16.296149174404217,46.256543616005004,6.271714110647022,49.44255964206495,0.0,22
9948,Higgs,13.514388769412033,-33.40567173286806,-16.84128928568814,131.17624263767883,125.0,25
9948,Z Boson,1.7763568394002505e-15,-1.887379141862766e-15,1.7763568394002505e-15,91.3992806472113,91.39928436279295,23
9948,Muon+,15.10255484864377,29.470201541308082,-31.49390342702325,45.699641854678546,0.1056599989533424,-13
9948,Muon-,-15.102554456552358,-29.470202510503007,31.4939057994318,45.69964241024749,0.1056599989533424,13
9948,Photon,13.514388563198823,-33.40567122313796,-16.84128902871047,39.7769599888769,0.0,22
